"Site Crawled","https://blog.shopline.tw/"
"Start Date","2026-09-06"
"Start Time","20:27:03"
"Last Modified Date","2026-09-06"
"Last Modified Time","21:17:53"
"Elapsed","00:50:49"
"Report Date","2026-09-07"
"Report Time","11:57:23"
""
"Summary","URLs","% of Total","Total URLs","Total URLs Description"
"Total URLs Encountered","21133","100.00%","21133","URLs Encountered"
"Total URLs Crawled","19929","94.30%","21133","URLs Encountered"
"Total Internal blocked by robots.txt","4","0.02%","21133","URLs Encountered"
"Total External blocked by robots.txt","1200","5.68%","21133","URLs Encountered"
""
"URLs Displayed","21133","100.00%","21133","URLs Displayed"
"Total Internal URLs","12736","60.27%","21133","URLs Displayed"
"Total External URLs","8397","39.73%","21133","URLs Displayed"
"Total Internal Indexable URLs","10958","51.85%","21133","URLs Displayed"
"Total Internal Non-Indexable URLs","1778","8.41%","21133","URLs Displayed"
""
"Internal"
"All","12736","100.00%","12736","Internal URLs"
"HTML","3799","29.83%","12736","Internal URLs"
"JavaScript","368","2.89%","12736","Internal URLs"
"CSS","462","3.63%","12736","Internal URLs"
"Images","8099","63.59%","12736","Internal URLs"
"Media","0","0.00%","12736","Internal URLs"
"Fonts","0","0.00%","12736","Internal URLs"
"XML","0","0.00%","12736","Internal URLs"
"PDF","0","0.00%","12736","Internal URLs"
"Plugins","0","0.00%","12736","Internal URLs"
"Other","4","0.03%","12736","Internal URLs"
"Unknown","4","0.03%","12736","Internal URLs"
""
"External"
"All","8397","100.00%","8397","External URLs"
"HTML","6473","77.09%","8397","External URLs"
"JavaScript","3","0.04%","8397","External URLs"
"CSS","3","0.04%","8397","External URLs"
"Images","395","4.70%","8397","External URLs"
"Media","0","0.00%","8397","External URLs"
"Fonts","0","0.00%","8397","External URLs"
"XML","0","0.00%","8397","External URLs"
"PDF","10","0.12%","8397","External URLs"
"Plugins","0","0.00%","8397","External URLs"
"Other","313","3.73%","8397","External URLs"
"Unknown","1200","14.29%","8397","External URLs"
""
"Security"
"All","12736","100.00%","12736","All internal and non-HTML external URLs"
"HTTP URLs","0","0.00%","12736","All internal and non-HTML external URLs"
"HTTPS URLs","12736","100.00%","12736","All internal and non-HTML external URLs"
"Mixed Content","0","0.00%","12736","All internal and non-HTML external URLs"
"Form URL Insecure","0","0.00%","12736","All internal and non-HTML external URLs"
"Form on HTTP URL","0","0.00%","12736","All internal and non-HTML external URLs"
"Unsafe Cross-Origin Links","2500","19.63%","12736","All internal and non-HTML external URLs"
"Protocol-Relative Resource Links","2500","19.63%","12736","All internal and non-HTML external URLs"
"Missing HSTS Header","11429","89.74%","12736","All internal and non-HTML external URLs"
"Missing Content-Security-Policy Header","11429","89.74%","12736","All internal and non-HTML external URLs"
"Missing X-Content-Type-Options Header","11429","89.74%","12736","All internal and non-HTML external URLs"
"Missing X-Frame-Options Header","11429","89.74%","12736","All internal and non-HTML external URLs"
"Missing Secure Referrer-Policy Header","11429","89.74%","12736","All internal and non-HTML external URLs"
"Bad Content Type","0","0.00%","12736","All internal and non-HTML external URLs"
""
"Response Codes"
"All","21133","100.00%","21133","All Internal & External Crawled URLs"
"Blocked by Robots.txt","1204","5.70%","21133","All Internal & External Crawled URLs"
"Blocked Resource","0","0.00%","21133","All Internal & External Crawled URLs"
"No Response","137","0.65%","21133","All Internal & External Crawled URLs"
"Success (2xx)","15375","72.75%","21133","All Internal & External Crawled URLs"
"Redirection (3xx)","3587","16.97%","21133","All Internal & External Crawled URLs"
"Redirection (JavaScript)","0","0.00%","21133","All Internal & External Crawled URLs"
"Redirection (Meta Refresh)","0","0.00%","21133","All Internal & External Crawled URLs"
"Redirection (HTTP Refresh)","0","0.00%","21133","All Internal & External Crawled URLs"
"Client Error (4xx)","820","3.88%","21133","All Internal & External Crawled URLs"
"Server Error (5xx)","10","0.05%","21133","All Internal & External Crawled URLs"
"Internal All","12736","60.27%","21133","All Internal Crawled URLs"
"Internal Blocked by Robots.txt","4","0.02%","21133","All Internal Crawled URLs"
"Internal Blocked Resource","0","0.00%","21133","All Internal Crawled URLs"
"Internal No Response","4","0.02%","21133","All Internal Crawled URLs"
"Internal Success (2xx)","11429","54.08%","21133","All Internal Crawled URLs"
"Internal Redirection (3xx)","1298","6.14%","21133","All Internal Crawled URLs"
"Internal Redirection (JavaScript)","0","0.00%","21133","All Internal Crawled URLs"
"Internal Redirection (Meta Refresh)","0","0.00%","21133","All Internal Crawled URLs"
"Internal Redirection (HTTP Refresh)","0","0.00%","21133","All Internal Crawled URLs"
"Internal Redirect Chain","0","0.00%","21133","All Internal Crawled URLs"
"Internal Redirect Loop","0","0.00%","21133","All Internal Crawled URLs"
"Internal Client Error (4xx)","1","0.00%","21133","All Internal Crawled URLs"
"Internal Server Error (5xx)","0","0.00%","21133","All Internal Crawled URLs"
"External All","8397","39.73%","21133","All External Crawled URLs"
"External Blocked by Robots.txt","1200","5.68%","21133","All External Crawled URLs"
"External Blocked Resource","0","0.00%","21133","All External Crawled URLs"
"External No Response","133","0.63%","21133","All External Crawled URLs"
"External Success (2xx)","3946","18.67%","21133","All External Crawled URLs"
"External Redirection (3xx)","2289","10.83%","21133","All External Crawled URLs"
"External Redirection (JavaScript)","0","0.00%","21133","All External Crawled URLs"
"External Redirection (Meta Refresh)","0","0.00%","21133","All External Crawled URLs"
"External Redirection (HTTP Refresh)","0","0.00%","21133","All External Crawled URLs"
"External Client Error (4xx)","819","3.88%","21133","All External Crawled URLs"
"External Server Error (5xx)","10","0.05%","21133","All External Crawled URLs"
""
"URL"
"All","12736","100.00%","12736","Internal URLs"
"Non ASCII Characters","700","5.50%","12736","Internal URLs"
"Underscores","44","0.35%","12736","Internal URLs"
"Uppercase","31","0.24%","12736","Internal URLs"
"Multiple Slashes","0","0.00%","12736","Internal URLs"
"Repetitive Path","28","0.22%","12736","Internal URLs"
"Contains Space","0","0.00%","12736","Internal URLs"
"Internal Search","0","0.00%","12736","Internal URLs"
"Parameters","225","1.77%","12736","Internal URLs"
"Broken Bookmark","0","0.00%","12736","Internal URLs"
"GA Tracking Parameters","16","0.13%","12736","Internal URLs"
"Over 115 Characters","11","0.09%","12736","Internal URLs"
""
"Page Titles"
"All","2500","100.00%","2500","Internal HTML pages with 2xx response"
"Missing","0","0.00%","2500","Internal HTML pages with 2xx response"
"Duplicate","2","0.08%","2500","Internal HTML pages with 2xx response"
"Over 60 Characters","105","4.20%","2500","Internal HTML pages with 2xx response"
"Below 30 Characters","270","10.80%","2500","Internal HTML pages with 2xx response"
"Over 561 Pixels","1359","54.36%","2500","Internal HTML pages with 2xx response"
"Below 200 Pixels","0","0.00%","2500","Internal HTML pages with 2xx response"
"Same as H1","374","14.96%","2500","Internal HTML pages with 2xx response"
"Multiple","0","0.00%","2500","Internal HTML pages with 2xx response"
"Outside <head>","0","0.00%","2500","Internal HTML pages with 2xx response"
""
"Meta Description"
"All","2500","100.00%","2500","Internal HTML pages with 2xx response"
"Missing","0","0.00%","2500","Internal HTML pages with 2xx response"
"Duplicate","75","3.00%","2500","Internal HTML pages with 2xx response"
"Over 155 Characters","421","16.84%","2500","Internal HTML pages with 2xx response"
"Below 70 Characters","85","3.40%","2500","Internal HTML pages with 2xx response"
"Over 985 Pixels","1940","77.60%","2500","Internal HTML pages with 2xx response"
"Below 400 Pixels","82","3.28%","2500","Internal HTML pages with 2xx response"
"Multiple","0","0.00%","2500","Internal HTML pages with 2xx response"
"Outside <head>","0","0.00%","2500","Internal HTML pages with 2xx response"
""
"Meta Keywords"
"All","2500","100.00%","2500","Internal HTML pages with 2xx response"
"Missing","2029","81.16%","2500","Internal HTML pages with 2xx response"
"Duplicate","0","0.00%","2500","Internal HTML pages with 2xx response"
"Multiple","0","0.00%","2500","Internal HTML pages with 2xx response"
""
"H1"
"All","2500","100.00%","2500","Internal HTML pages with 2xx response"
"Missing","889","35.56%","2500","Internal HTML pages with 2xx response"
"Duplicate","2","0.08%","2500","Internal HTML pages with 2xx response"
"Over 70 Characters","12","0.48%","2500","Internal HTML pages with 2xx response"
"Multiple","4","0.16%","2500","Internal HTML pages with 2xx response"
"Alt Text in H1","0","0.00%","2500","Internal HTML pages with 2xx response"
"Non-Sequential","0","0.00%","2500","Internal HTML pages with 2xx response"
""
"H2"
"All","2500","100.00%","2500","Internal HTML pages with 2xx response"
"Missing","0","0.00%","2500","Internal HTML pages with 2xx response"
"Duplicate","307","12.28%","2500","Internal HTML pages with 2xx response"
"Over 70 Characters","1","0.04%","2500","Internal HTML pages with 2xx response"
"Multiple","2029","81.16%","2500","Internal HTML pages with 2xx response"
"Non-Sequential","51","2.04%","2500","Internal HTML pages with 2xx response"
""
"Content"
"All","2500","100.00%","2500","Internal HTML pages with 2xx response"
"Exact Duplicates","0","0.00%","2500","Internal HTML pages with 2xx response"
"Near Duplicates","0","0.00%","2500","Internal HTML pages with 2xx response"
"Semantically Similar","0","0.00%","2500","Internal HTML pages with 2xx response"
"Low Relevance Content","0","0.00%","2500","Internal HTML pages with 2xx response"
"Low Content Pages","0","0.00%","2500","Internal HTML pages with 2xx response"
"Soft 404 Pages","0","0.00%","2500","Internal HTML pages with 2xx response"
"Spelling Errors","0","0.00%","2500","Internal HTML pages with 2xx response"
"Grammar Errors","0","0.00%","2500","Internal HTML pages with 2xx response"
"Readability Difficult","0","0.00%","2500","Internal HTML pages with 2xx response"
"Readability Very Difficult","0","0.00%","2500","Internal HTML pages with 2xx response"
"Lorem Ipsum Placeholder","0","0.00%","2500","Internal HTML pages with 2xx response"
""
"Images"
"All","8494","100.00%","8494","Images with 2xx response"
"Over 100 kB","4373","51.48%","8494","Images with 2xx response"
"Missing Alt Text","1090","12.83%","8494","Images with 2xx response"
"Missing Alt Attribute","27","0.32%","8494","Images with 2xx response"
"Alt Text Over 100 Characters","14","0.16%","8494","Images with 2xx response"
"Background Images","0","0.00%","8494","Images with 2xx response"
"Incorrectly Sized Images","0","0.00%","8494","Images with 2xx response"
"Missing Size Attributes","203","2.39%","8494","Images with 2xx response"
""
"Canonicals"
"All","2500","100.00%","2500","Internal HTML or PDF pages with 2xx response"
"Contains Canonical","2174","86.96%","2500","Internal HTML or PDF pages with 2xx response"
"Self Referencing","2029","81.16%","2500","Internal HTML or PDF pages with 2xx response"
"Canonicalised","145","5.80%","2500","Internal HTML or PDF pages with 2xx response"
"Missing","0","0.00%","2500","Internal HTML or PDF pages with 2xx response"
"Multiple","0","0.00%","2500","Internal HTML or PDF pages with 2xx response"
"Multiple Conflicting","0","0.00%","2500","Internal HTML or PDF pages with 2xx response"
"Non-Indexable Canonical","61","2.44%","2500","Internal HTML or PDF pages with 2xx response"
"Canonical Is Relative","0","0.00%","2500","Internal HTML or PDF pages with 2xx response"
"Unlinked","0","0.00%","2500","Internal HTML or PDF pages with 2xx response"
"Invalid Attribute In Annotation","0","0.00%","2500","Internal HTML or PDF pages with 2xx response"
"Contains Fragment URL","0","0.00%","2500","Internal HTML or PDF pages with 2xx response"
"Outside <head>","0","0.00%","2500","Internal HTML or PDF pages with 2xx response"
""
"Pagination"
"All","2500","100.00%","2500","Internal HTML pages with 2xx response"
"Contains Pagination","779","31.16%","2500","Internal HTML pages with 2xx response"
"First Page","79","3.16%","2500","Internal HTML pages with 2xx response"
"Paginated 2+ Pages","700","28.00%","2500","Internal HTML pages with 2xx response"
"Pagination URL Not in Anchor Tag","12","0.48%","2500","Internal HTML pages with 2xx response"
"Non-200 Pagination URLs","0","0.00%","2500","Internal HTML pages with 2xx response"
"Unlinked Pagination URLs","0","0.00%","2500","Internal HTML pages with 2xx response"
"Non-Indexable","12","0.48%","2500","Internal HTML pages with 2xx response"
"Multiple Pagination URLs","0","0.00%","2500","Internal HTML pages with 2xx response"
"Pagination Loop","0","0.00%","2500","Internal HTML pages with 2xx response"
"Sequence Error","12","0.48%","2500","Internal HTML pages with 2xx response"
""
"Directives"
"All","11429","100.00%","11429","Internal URLs with 2xx response"
"Index","2174","19.02%","11429","Internal URLs with 2xx response"
"Noindex","326","2.85%","11429","Internal URLs with 2xx response"
"Follow","2500","21.87%","11429","Internal URLs with 2xx response"
"Nofollow","0","0.00%","11429","Internal URLs with 2xx response"
"None","0","0.00%","11429","Internal URLs with 2xx response"
"NoArchive","0","0.00%","11429","Internal URLs with 2xx response"
"NoSnippet","0","0.00%","11429","Internal URLs with 2xx response"
"Max-Snippet","2174","19.02%","11429","Internal URLs with 2xx response"
"Max-Image-Preview","2174","19.02%","11429","Internal URLs with 2xx response"
"Max-Video-Preview","2174","19.02%","11429","Internal URLs with 2xx response"
"NoODP","0","0.00%","11429","Internal URLs with 2xx response"
"NoYDIR","0","0.00%","11429","Internal URLs with 2xx response"
"NoImageIndex","0","0.00%","11429","Internal URLs with 2xx response"
"NoTranslate","0","0.00%","11429","Internal URLs with 2xx response"
"Unavailable_After","0","0.00%","11429","Internal URLs with 2xx response"
"Refresh","0","0.00%","3799","Internal HTML pages with 2xx response"
"Outside <head>","0","0.00%","11429","Internal URLs with 2xx response"
""
"Hreflang"
"All","2500","100.00%","2500","Internal pages with 2xx response"
"Contains hreflang","0","0.00%","2500","Internal pages with 2xx response"
"Non-200 hreflang URLs","0","0.00%","2500","Internal pages with 2xx response"
"Unlinked hreflang URLs","0","0.00%","2500","Internal pages with 2xx response"
"Missing Return Links","0","0.00%","2500","Internal pages with 2xx response"
"Inconsistent Language & Region Return Links","0","0.00%","2500","Internal pages with 2xx response"
"Non-Canonical Return Links","0","0.00%","2500","Internal pages with 2xx response"
"Noindex Return Links","0","0.00%","2500","Internal pages with 2xx response"
"Incorrect Language & Region Codes","0","0.00%","2500","Internal pages with 2xx response"
"Multiple Entries","0","0.00%","2500","Internal pages with 2xx response"
"Missing Self Reference","0","0.00%","2500","Internal pages with 2xx response"
"Not Using Canonical","0","0.00%","2500","Internal pages with 2xx response"
"Missing X-Default","0","0.00%","2500","Internal pages with 2xx response"
"Missing","0","0.00%","2500","Internal pages with 2xx response"
"Outside <head>","0","0.00%","2500","Internal pages with 2xx response"
""
"JavaScript"
"All","2500","100.00%","2500","Internal HTML pages with 2xx response"
"Pages with Blocked Resources","0","0.00%","2500","Internal HTML pages with 2xx response"
"Contains JavaScript Links","0","0.00%","2500","Internal HTML pages with 2xx response"
"Contains JavaScript Content","0","0.00%","2500","Internal HTML pages with 2xx response"
"Noindex Only in Original HTML","0","0.00%","2500","Internal HTML pages with 2xx response"
"Nofollow Only in Original HTML","0","0.00%","2500","Internal HTML pages with 2xx response"
"Canonical Only in Rendered HTML","0","0.00%","2500","Internal HTML pages with 2xx response"
"Canonical Mismatch","0","0.00%","2500","Internal HTML pages with 2xx response"
"Page Title Only in Rendered HTML","0","0.00%","2500","Internal HTML pages with 2xx response"
"Page Title Updated by JavaScript","0","0.00%","2500","Internal HTML pages with 2xx response"
"Meta Description Only in Rendered HTML","0","0.00%","2500","Internal HTML pages with 2xx response"
"Meta Description Updated by JavaScript","0","0.00%","2500","Internal HTML pages with 2xx response"
"H1 Only in Rendered HTML","0","0.00%","2500","Internal HTML pages with 2xx response"
"H1 Updated by JavaScript","0","0.00%","2500","Internal HTML pages with 2xx response"
"Uses Old AJAX Crawling Scheme URLs","0","0.00%","2500","Internal HTML pages with 2xx response"
"Uses Old AJAX Crawling Scheme Meta Fragment Tag","0","0.00%","2500","Internal HTML pages with 2xx response"
"Pages with JavaScript Errors","0","0.00%","2500","Internal HTML pages with 2xx response"
"Pages with JavaScript Warnings","0","0.00%","2500","Internal HTML pages with 2xx response"
"Pages with Chrome Issues","0","0.00%","2500","Internal HTML pages with 2xx response"
""
"Links"
"All","2500","100.00%","2500","Internal HTML pages with 2xx response"
"Pages With Uncrawlable Internal Outlinks","0","0.00%","2500","Internal HTML pages with 2xx response"
"Pages With High Crawl Depth","0","0.00%","2500","Internal HTML pages with 2xx response"
"Pages Without Internal Outlinks","0","0.00%","2500","Internal HTML pages with 2xx response"
"Internal Nofollow Outlinks","1253","50.12%","2500","Internal HTML pages with 2xx response"
"Internal Outlinks With No Anchor Text","2500","100.00%","2500","Internal HTML pages with 2xx response"
"Non-Descriptive Anchor Text In Internal Outlinks","0","0.00%","2500","Internal HTML pages with 2xx response"
"Pages With High External Outlinks","2500","100.00%","2500","Internal HTML pages with 2xx response"
"Pages With High Internal Outlinks","0","0.00%","2500","Internal HTML pages with 2xx response"
"Follow & Nofollow Internal Inlinks To Page","0","0.00%","2500","Internal HTML pages with 2xx response"
"Internal Nofollow Inlinks Only","0","0.00%","2500","Internal HTML pages with 2xx response"
"Outlinks To Localhost","0","0.00%","2500","Internal HTML pages with 2xx response"
"Non-Indexable Page Inlinks Only","0","0.00%","2500","Internal HTML pages with 2xx response"
""
"AMP"
"All","0","0.00%","0","Internal AMP URLs"
"Non-200 Response","0","0.00%","3799","Internal HTML URLs"
"Missing Non-AMP Return Link","0","0.00%","0","Internal AMP URLs"
"Missing Canonical to Non-AMP","0","0.00%","0","Internal AMP URLs"
"Non-Indexable Canonical","0","0.00%","0","Internal AMP URLs"
"Indexable","0","0.00%","0","Internal AMP URLs"
"Non-Indexable","0","0.00%","0","Internal AMP URLs"
"Missing <html amp> Tag","0","0.00%","3799","Internal HTML URLs"
"Missing/Invalid <!doctype html> Tag","0","0.00%","0","Internal AMP URLs"
"Missing <head> Tag","0","0.00%","0","Internal AMP URLs"
"Missing <body> Tag","0","0.00%","0","Internal AMP URLs"
"Missing Canonical","0","0.00%","0","Internal AMP URLs"
"Missing/Invalid <meta charset> Tag","0","0.00%","0","Internal AMP URLs"
"Missing/Invalid <meta viewport> Tag","0","0.00%","0","Internal AMP URLs"
"Missing/Invalid AMP Script","0","0.00%","0","Internal AMP URLs"
"Missing/Invalid AMP Boilerplate","0","0.00%","0","Internal AMP URLs"
"Contains Disallowed HTML","0","0.00%","0","Internal AMP URLs"
"Other Validation Errors","0","0.00%","0","Internal AMP URLs"
""
"Structured Data"
"All","2500","100.00%","2500","Internal HTML pages with 2xx response"
"Contains Structured Data","0","0.00%","2500","Internal HTML pages with 2xx response"
"Missing","0","0.00%","2500","Internal HTML pages with 2xx response"
"Validation Errors","0","0.00%","2500","Internal HTML pages with 2xx response"
"Validation Warnings","0","0.00%","2500","Internal HTML pages with 2xx response"
"Rich Result Validation Errors","0","0.00%","2500","Internal HTML pages with 2xx response"
"Rich Result Validation Warnings","0","0.00%","2500","Internal HTML pages with 2xx response"
"Parse Errors","0","0.00%","2500","Internal HTML pages with 2xx response"
"Microdata URLs","0","0.00%","2500","Internal HTML pages with 2xx response"
"JSON-LD URLs","0","0.00%","2500","Internal HTML pages with 2xx response"
"RDFa URLs","0","0.00%","2500","Internal HTML pages with 2xx response"
"Rich Result Feature Detected","0","0.00%","2500","Internal HTML pages with 2xx response"
""
"Sitemaps"
"All","3807","100.00%","3807","Internal HTML/XML pages"
"URLs in Sitemap","0","0.00%","3807","Internal HTML/XML pages"
"URLs not in Sitemap","0","0.00%","3807","Internal HTML/XML pages"
"Orphan URLs","0","0.00%","3807","Internal HTML/XML pages"
"Non-Indexable URLs in Sitemap","0","0.00%","3807","Internal HTML/XML pages"
"URLs in Multiple Sitemaps","0","0.00%","3807","Internal HTML/XML pages"
"XML Sitemap with over 50k URLs","0","0.00%","3807","Internal HTML/XML pages"
"XML Sitemap over 50MB","0","0.00%","3807","Internal HTML/XML pages"
""
"PageSpeed"
"All","2500","100.00%","2500","Internal HTML URLs with 2xx response"
"Document Request Latency","0","0.00%","2500","Internal HTML URLs with 2xx response"
"LCP Request Discovery","0","0.00%","2500","Internal HTML URLs with 2xx response"
"Render Blocking Requests","0","0.00%","2500","Internal HTML URLs with 2xx response"
"Network Dependency Tree","0","0.00%","2500","Internal HTML URLs with 2xx response"
"Use Efficient Cache Lifetimes","0","0.00%","2500","Internal HTML URLs with 2xx response"
"Layout Shift Culprits","0","0.00%","2500","Internal HTML URLs with 2xx response"
"Optimize DOM Size","0","0.00%","2500","Internal HTML URLs with 2xx response"
"Improve Image Delivery","0","0.00%","2500","Internal HTML URLs with 2xx response"
"Forced Reflow","0","0.00%","2500","Internal HTML URLs with 2xx response"
"Legacy JavaScript","0","0.00%","2500","Internal HTML URLs with 2xx response"
"Duplicated JavaScript","0","0.00%","2500","Internal HTML URLs with 2xx response"
"Font Display","0","0.00%","2500","Internal HTML URLs with 2xx response"
"Avoid Enormous Network Payloads","0","0.00%","2500","Internal HTML URLs with 2xx response"
"Minify CSS","0","0.00%","2500","Internal HTML URLs with 2xx response"
"Minify JavaScript","0","0.00%","2500","Internal HTML URLs with 2xx response"
"Reduce Unused CSS","0","0.00%","2500","Internal HTML URLs with 2xx response"
"Reduce Unused JavaScript","0","0.00%","2500","Internal HTML URLs with 2xx response"
"Reduce JavaScript Execution Time","0","0.00%","2500","Internal HTML URLs with 2xx response"
"Minimize Main-Thread Work","0","0.00%","2500","Internal HTML URLs with 2xx response"
"Request Errors","0","0.00%","2500","Internal HTML URLs with 2xx response"
""
"Mobile"
"All","2500","100.00%","2500",""
"Viewport Not Set","0","0.00%","2500",""
"Target Size","0","0.00%","2500",""
"Content Not Sized Correctly","0","0.00%","2500",""
"Illegible Font Size","0","0.00%","2500",""
"Contains Unsupported Plugins","0","0.00%","2500",""
"Mobile Alternate Link","0","0.00%","2500",""
""
"Accessibility"
"All","2500","100.00%","2500",""
"Accessibility Score Poor","0","0.00%","2500",""
"Accessibility Score Needs Improvement","0","0.00%","2500",""
"Accessibility Score Good","0","0.00%","2500",""
"WCAG 2.0 A Violation","0","0.00%","2500",""
"WCAG 2.0 AA Violation","0","0.00%","2500",""
"WCAG 2.0 AAA Violation","0","0.00%","2500",""
"WCAG 2.1 AA Violation","0","0.00%","2500",""
"WCAG 2.2 AA Violation","0","0.00%","2500",""
"Best Practice Violation","0","0.00%","2500",""
"Accesskey Attribute Value Must Be Unique","0","0.00%","2500",""
"Ensure Elements Marked Presentational Are Ignored","0","0.00%","2500",""
"Elements Must Not Have Tabindex Greater Than Zero","0","0.00%","2500",""
"Scrollable Region Requires Keyboard Access","0","0.00%","2500",""
"Skip-link Target Should Exist & Be Focusable","0","0.00%","2500",""
"Required ARIA Attributes Must Be Provided","0","0.00%","2500",""
"Role=text Should Have No Focusable Descendants","0","0.00%","2500",""
"ARIA Attribute Must Be Used As Specified For Role","0","0.00%","2500",""
"ARIA Attributes Require Valid Values","0","0.00%","2500",""
"ARIA Attributes Require Valid Names","0","0.00%","2500",""
"ARIA Commands Require Accessible Name","0","0.00%","2500",""
"ARIA Dialog & Alertdialog Require Accessible Name","0","0.00%","2500",""
"ARIA Input Fields Require Accessible Name","0","0.00%","2500",""
"ARIA Meter Nodes Require Accessible Name","0","0.00%","2500",""
"ARIA Progressbar Nodes Require Accessible Name","0","0.00%","2500",""
"ARIA Role Should Be Appropriate For Element","0","0.00%","2500",""
"ARIA Roles Must Be Contained By Required Parent","0","0.00%","2500",""
"ARIA Roles Require Valid Values","0","0.00%","2500",""
"ARIA Toggle Fields Require Accessible Name","0","0.00%","2500",""
"ARIA Tooltip Nodes Require Accessible Name","0","0.00%","2500",""
"ARIA Treeitem Nodes Require Accessible Name","0","0.00%","2500",""
"Certain ARIA Roles Must Contain Specific Children","0","0.00%","2500",""
"Deprecated ARIA Roles Must Not Be Used","0","0.00%","2500",""
"Aria-braille Require Non-braille Equivalent","0","0.00%","2500",""
"Aria-hidden Elements Contains Focusable Elements","0","0.00%","2500",""
"Aria-hidden=true Must Not Be Used In <body>","0","0.00%","2500",""
"Elements Must Only Use Permitted ARIA Attributes","0","0.00%","2500",""
"Elements Must Use Allowed ARIA Attributes","0","0.00%","2500",""
"IDs Used In ARIA & Labels Must Be Unique","0","0.00%","2500",""
"Page Requires Means To Bypass Repeated Blocks","0","0.00%","2500",""
"All Page Content Must Be Contained By Landmarks","0","0.00%","2500",""
"Page Requires One Main Landmark","0","0.00%","2500",""
"Page Must Not Have More Than One Banner Landmark","0","0.00%","2500",""
"Banner Landmark Must Not Be In Another Landmark","0","0.00%","2500",""
"Page Must Not Have Multiple Contentinfo Landmarks","0","0.00%","2500",""
"Page Requires At Most One Main Landmark","0","0.00%","2500",""
"Complementary Landmarks & Asides Must Be Top Level","0","0.00%","2500",""
"Contentinfo Landmark Must Be Top Level Landmark","0","0.00%","2500",""
"Main Landmark Must Not Be In Another Landmark","0","0.00%","2500",""
"Landmarks Require Unique Role Or Accessible Name","0","0.00%","2500",""
"Form Field Must Not Have Multiple Label Elements","0","0.00%","2500",""
"Form <input> Elements Require Labels","0","0.00%","2500",""
"Form Elements Should Have Visible Label","0","0.00%","2500",""
"Autocomplete Attribute Must Be Used Correctly","0","0.00%","2500",""
"Frames Require Title Attribute","0","0.00%","2500",""
"Frames Require Unique Title Attribute","0","0.00%","2500",""
"Frames Should Be Tested With axe-core","0","0.00%","2500",""
"Frames With Focusable Content Must Not Use tabindex=-1","0","0.00%","2500",""
"Page Must Contain <title>","0","0.00%","2500",""
"Page Must Contain <h1>","0","0.00%","2500",""
"Heading Levels Should Only Increase By One","0","0.00%","2500",""
"Headings Should Not Be Empty","0","0.00%","2500",""
"Meta Viewport Should Allow Zoom & Scale Up to 500%","0","0.00%","2500",""
"Meta Viewport Zoom & Scaling Disabled","0","0.00%","2500",""
"HTML Element Lang Attribute Value Must Be Valid","0","0.00%","2500",""
"HTML Element Requires Lang Attribute","0","0.00%","2500",""
"HTML Lang & XML Lang Value Should Match","0","0.00%","2500",""
"Lang Attribute Requires Valid Value","0","0.00%","2500",""
"Delayed Meta Refresh Must Not Be Used","0","0.00%","2500",""
"Timed Meta Refresh Must Not Exist","0","0.00%","2500",""
"Image Button Requires Alternate Text","0","0.00%","2500",""
"Images Require Alternate Text","0","0.00%","2500",""
"<object> Elements Require Alternate Text","0","0.00%","2500",""
"Active <area> Elements Require Alternate Text","0","0.00%","2500",""
"Alt Text Should Not Be Repeated As Text","0","0.00%","2500",""
"Elements Marked role=img Require Alternate Text","0","0.00%","2500",""
"SVG Images & Graphics Require Accessible Text","0","0.00%","2500",""
"Server-Side Image Maps Must Not Be Used","0","0.00%","2500",""
"<video> Elements Require <track> For Captions","0","0.00%","2500",""
"<video> or <audio> Elements Must Not Auto-play","0","0.00%","2500",""
"Buttons Require Discernible Text","0","0.00%","2500",""
"Input Buttons Require Discernible Text","0","0.00%","2500",""
"Inline Text Spacing Must Be Adjustable","0","0.00%","2500",""
"Links Must Be Distinguishable","0","0.00%","2500",""
"Links Require Discernible Text","0","0.00%","2500",""
"Links With Same Accessible Name","0","0.00%","2500",""
"Select Element Requires Accessible Name","0","0.00%","2500",""
"Summary Elements Require Discernible Text","0","0.00%","2500",""
"Deprecated <marquee> Element Must Not Be Used","0","0.00%","2500",""
"<blink> Elements Deprecated & Must Not Be Used","0","0.00%","2500",""
"Text Requires Higher Color Contrast Ratio","0","0.00%","2500",""
"Text Requires Higher Color Contrast to Background","0","0.00%","2500",""
"Touch Targets Require Sufficient Size & Spacing","0","0.00%","2500",""
"Interactive Controls Must Not Be Nested","0","0.00%","2500",""
"List Items Must Be Contained In List Elements","0","0.00%","2500",""
"Lists Must Only Contain <li> Content Elements","0","0.00%","2500",""
"<dl> Must Only Have Ordered <dt> & <dd> Groups","0","0.00%","2500",""
"<dt> & <dd> Elements Must Be Contained by <dl>","0","0.00%","2500",""
"<th> Element Requires Associated Data Cells","0","0.00%","2500",""
"Table Header Attr Must Refer To Cell In Same Table","0","0.00%","2500",""
"Table Headers Require Discernible Text","0","0.00%","2500",""
"Table With Identical Summary & Caption Text","0","0.00%","2500",""
"Scope Attribute Should Be Used Correctly On Tables","0","0.00%","2500",""
""
"Custom Search"
"All","2500","100.00%","2500","Internal HTML pages with 2xx response"
""
"Custom Extraction"
"All","2500","100.00%","2500","Internal HTML pages with 2xx response"
""
"Custom JavaScript"
"All","11429","100.00%","11429","Internal HTML pages with 2xx response"
""
"Analytics"
"All","3803","100.00%","3803","Internal URLs with associated Google Analytics data"
"Sessions Above 0","0","0.00%","3803","Internal URLs with associated Google Analytics data"
"Bounce Rate Above 70%","0","0.00%","3803","Internal URLs with associated Google Analytics data"
"No GA Data","0","0.00%","3803","Internal URLs with associated Google Analytics data"
"Non-Indexable with GA Data","0","0.00%","3803","Internal URLs with associated Google Analytics data"
"Orphan URLs","0","0.00%","3803","Internal URLs with associated Google Analytics data"
""
"Search Console"
"All","3803","100.00%","3803","Internal URLs with associated Google Search Console data"
"Clicks Above 0","0","0.00%","3803","Internal URLs with associated Google Search Console data"
"No Search Analytics Data","0","0.00%","3803","Internal URLs with associated Google Search Console data"
"Non-Indexable with Search Analytics Data","0","0.00%","3803","Internal URLs with associated Google Search Console data"
"Orphan URLs","0","0.00%","3803","Internal URLs with associated Google Search Console data"
"URL is Not on Google","0","0.00%","3803","Internal URLs with associated Google Search Console data"
"Indexable URL Not Indexed","0","0.00%","3803","Internal URLs with associated Google Search Console data"
"URL is on Google But Has Issues","0","0.00%","3803","Internal URLs with associated Google Search Console data"
"User-Declared Canonical Not Selected","0","0.00%","3803","Internal URLs with associated Google Search Console data"
"Page is Not Mobile Friendly","0","0.00%","3803","Internal URLs with associated Google Search Console data"
"AMP URL Invalid","0","0.00%","3803","Internal URLs with associated Google Search Console data"
"Rich Result Invalid","0","0.00%","3803","Internal URLs with associated Google Search Console data"
""
"Validation"
"All","12736","100.00%","12736","Internal URLs with 2xx response"
"Invalid HTML Elements in <head>","0","0.00%","12736","Internal URLs with 2xx response"
"<body> Element Preceding <html>","0","0.00%","12736","Internal URLs with 2xx response"
"<head> Not First In <html> Element","0","0.00%","12736","Internal URLs with 2xx response"
"Missing <head> Tag","0","0.00%","12736","Internal URLs with 2xx response"
"Multiple <head> Tags","0","0.00%","12736","Internal URLs with 2xx response"
"Missing <body> Tag","0","0.00%","12736","Internal URLs with 2xx response"
"Multiple <body> Tags","0","0.00%","12736","Internal URLs with 2xx response"
"HTML Document Over 2MB","0","0.00%","12736","Internal URLs with 2xx response"
"Resource Over 2MB","0","0.00%","12736","Internal URLs with 2xx response"
"High Carbon Rating","0","0.00%","12736","Internal URLs with 2xx response"
""
"Link Metrics"
"All","3801","100.00%","3801","Internal HTML/PDF pages"
""
"AI"
"All","11429","100.00%","11429","Internal HTML URLs with 2xx response"
""
""
"Depth (Clicks from Start URL)"
"0","1","0.04%","2500","Internal HTML pages with 2xx response"
"1","96","3.84%","2500","Internal HTML pages with 2xx response"
"2","557","22.28%","2500","Internal HTML pages with 2xx response"
"3","754","30.16%","2500","Internal HTML pages with 2xx response"
"4","501","20.04%","2500","Internal HTML pages with 2xx response"
"5","152","6.08%","2500","Internal HTML pages with 2xx response"
"6","79","3.16%","2500","Internal HTML pages with 2xx response"
"7","70","2.80%","2500","Internal HTML pages with 2xx response"
"8","54","2.16%","2500","Internal HTML pages with 2xx response"
"9","35","1.40%","2500","Internal HTML pages with 2xx response"
"10+","201","8.04%","2500","Internal HTML pages with 2xx response"
""
"Inlinks (Top 20 URLs)"
"https://blog.shopline.tw/category/marketing-online/marketing-trend/","2500","100.00%","2500","Internal HTML pages with 2xx response"
"https://blog.shopline.tw/category/store-knowledge/store-cross-border-ec/","2500","100.00%","2500","Internal HTML pages with 2xx response"
"https://blog.shopline.tw/category/marketing-online/","2500","100.00%","2500","Internal HTML pages with 2xx response"
"https://blog.shopline.tw/category/showcase-interview/showcase-entrepreneurship/","2500","100.00%","2500","Internal HTML pages with 2xx response"
"https://blog.shopline.tw/category/shopline-feature-release/ec-feature/","2500","100.00%","2500","Internal HTML pages with 2xx response"
"https://blog.shopline.tw/category/dg-ads/dg-ads-criteo-ads/","2500","100.00%","2500","Internal HTML pages with 2xx response"
"https://blog.shopline.tw/category/store-knowledge/store-preparing/","2500","100.00%","2500","Internal HTML pages with 2xx response"
"https://blog.shopline.tw/shopline-feature-instruction/","2500","100.00%","2500","Internal HTML pages with 2xx response"
"https://blog.shopline.tw/category/shopline-feature-release/pos-feature/","2500","100.00%","2500","Internal HTML pages with 2xx response"
"https://blog.shopline.tw/category/showcase-interview/showcase-merchant/","2500","100.00%","2500","Internal HTML pages with 2xx response"
"https://blog.shopline.tw/category/store-knowledge/store-marketing/","2500","100.00%","2500","Internal HTML pages with 2xx response"
"https://blog.shopline.tw/shopline-guidelines-for-sharing-and-republishing-content/","2500","100.00%","2500","Internal HTML pages with 2xx response"
"https://blog.shopline.tw/category/dg-ads/ads-successful-showcase/","2500","100.00%","2500","Internal HTML pages with 2xx response"
"https://blog.shopline.tw/consulting-project/","2500","100.00%","2500","Internal HTML pages with 2xx response"
"https://blog.shopline.tw/project/","2500","100.00%","2500","Internal HTML pages with 2xx response"
"https://blog.shopline.tw/ebook-page/","2500","100.00%","2500","Internal HTML pages with 2xx response"
"https://blog.shopline.tw/category/showcase-interview/showcase-partner/","2500","100.00%","2500","Internal HTML pages with 2xx response"
"https://blog.shopline.tw/category/shopline-feature-release/cb-feature/","2500","100.00%","2500","Internal HTML pages with 2xx response"
"https://blog.shopline.tw/category/shopline-dashboard/shopline-podcast/","2500","100.00%","2500","Internal HTML pages with 2xx response"
"https://blog.shopline.tw/category/shopline-dashboard/shopline-news/","2500","100.00%","2500","Internal HTML pages with 2xx response"
""
"Response Time (Seconds)","URLs","% of Total"
"1","11065","86.93%"
"2","1296","10.18%"
"3","201","1.58%"
"4","80","0.63%"
"5","32","0.25%"
"6","22","0.17%"
"7","13","0.10%"
"8","7","0.05%"
"9","4","0.03%"
"10","3","0.02%"
"11","5","0.04%"
