image_url,issue,content_type,size_bytes,img_inlinks,dimensions,source_pages,recommended_fix
https://img.shoplineapp.com/media/image_clips/6695027850981f0022f6ecf1/original.png?1721041528,Image over 100 KB,image/png,158218,1,,https://shopline.tw/about/press,壓縮或轉 WebP/AVIF，優先處理 inlinks 高與首屏圖片。
https://img.shoplineapp.com/media/image_clips/686390dcba273200105add33/original.png?1751355612,Image over 100 KB,image/png,175595,1,,https://shopline.tw/solutions/member-repurchase,壓縮或轉 WebP/AVIF，優先處理 inlinks 高與首屏圖片。
https://img.shoplineapp.com/media/image_clips/63b3f9e51e9f95000ecd2252/original.jpg?1672739301,Image over 100 KB,image/jpeg,136983,1,,https://shopline.tw/news/shopline-brands-award-list,壓縮或轉 WebP/AVIF，優先處理 inlinks 高與首屏圖片。
https://img.shoplineapp.com/media/image_clips/63b4ea8d773de800176b4bd9/original.png?1672800909,Image over 100 KB,image/png,279933,1,,https://shopline.tw/news/shopline-onewarehouse-introduction,壓縮或轉 WebP/AVIF，優先處理 inlinks 高與首屏圖片。
https://img.shoplineapp.com/media/image_clips/699eab4732b1ba9655236f69/original.png?1772006215=&owner_id=5d5a57ccf7124400016c8c54,Image over 100 KB,image/png,532339,1,,https://shopline.tw/showcase,壓縮或轉 WebP/AVIF，優先處理 inlinks 高與首屏圖片。
https://img.shoplineapp.com/media/image_clips/6746ea50511c59000d8ded17/original.png?1732700751,Image over 100 KB,image/png,238166,1,,https://shopline.tw/showcase/beauty-health-brand,壓縮或轉 WebP/AVIF，優先處理 inlinks 高與首屏圖片。
https://img.shoplineapp.com/media/image_clips/699eab476e8e956120f2d601/original.png?1772006215=&owner_id=5d5a57ccf7124400016c8c54,Image over 100 KB,image/png,355728,1,,https://shopline.tw/showcase,壓縮或轉 WebP/AVIF，優先處理 inlinks 高與首屏圖片。
https://img.shoplineapp.com/media/image_clips/699e8ab7ac642ca747493764/original.jpg?1771997879=&owner_id=5d5a57ccf7124400016c8c54,Image over 100 KB,image/jpeg,144387,1,,https://shopline.tw/news/shopline-cashback,壓縮或轉 WebP/AVIF，優先處理 inlinks 高與首屏圖片。
https://img.shoplineapp.com/media/image_clips/669502780d769b0013ab6f25/original.png?1721041528,Image over 100 KB,image/png,155138,1,,https://shopline.tw/about/press,壓縮或轉 WebP/AVIF，優先處理 inlinks 高與首屏圖片。
https://img.shoplineapp.com/media/image_clips/674533da19409c000d0d3b69/original.png?1732588506,Image over 100 KB,image/png,314532,5,,https://shopline.tw/showcase/food-beverage-brand | https://shopline.tw/showcase/beauty-health-brand | https://shopline.tw/showcase/electronics-brand,壓縮或轉 WebP/AVIF，優先處理 inlinks 高與首屏圖片。
https://img.shoplineapp.com/media/image_clips/699e753ce0f074cedb94a33f/original.png?1771992380=&owner_id=5d5a57ccf7124400016c8c54,Image over 100 KB,image/png,120263,1,,https://shopline.tw/showcase/electronics-brand,壓縮或轉 WebP/AVIF，優先處理 inlinks 高與首屏圖片。
https://img.shoplineapp.com/media/image_clips/699e89d28f1010a5234084be/original.png?1771997649=&owner_id=5d5a57ccf7124400016c8c54,Image over 100 KB,image/png,368423,1,,https://shopline.tw/about/press,壓縮或轉 WebP/AVIF，優先處理 inlinks 高與首屏圖片。
https://img.shoplineapp.com/media/image_clips/66fb5db034e9a60010185cb8/original.png?1727749552,Image over 100 KB,image/png,305570,1,,https://shopline.tw/about/press,壓縮或轉 WebP/AVIF，優先處理 inlinks 高與首屏圖片。
https://img.shoplineapp.com/media/image_clips/67bd7d3da1250b000cfb3a7b/original.png?1740471613,Image over 100 KB,image/png,242892,1,,https://shopline.tw/online-store/homeware-selection,壓縮或轉 WebP/AVIF，優先處理 inlinks 高與首屏圖片。
https://img.shoplineapp.com/media/image_clips/6746f4949fd69f000ca9fbaf/original.png?1732703380,Image over 100 KB,image/png,131379,1,,https://shopline.tw/showcase/food-beverage-brand,壓縮或轉 WebP/AVIF，優先處理 inlinks 高與首屏圖片。
https://img.shoplineapp.com/media/image_clips/66950278d62637000da8f275/original.png?1721041528,Image over 100 KB,image/png,219196,1,,https://shopline.tw/about/press,壓縮或轉 WebP/AVIF，優先處理 inlinks 高與首屏圖片。
https://img.shoplineapp.com/media/image_clips/674814d5d2b658001185ff05/original.png?1732777173,Image over 100 KB,image/png,122153,1,,https://shopline.tw/online-store/features,壓縮或轉 WebP/AVIF，優先處理 inlinks 高與首屏圖片。
https://img.shoplineapp.com/media/image_clips/699eab47ae31d0ef6c94cfb8/original.png?1772006215=&owner_id=5d5a57ccf7124400016c8c54,Image over 100 KB,image/png,279385,1,,https://shopline.tw/showcase,壓縮或轉 WebP/AVIF，優先處理 inlinks 高與首屏圖片。
https://img.shoplineapp.com/media/image_clips/669502789a2bd80016210f10/original.png?1721041528,Image over 100 KB,image/png,163391,1,,https://shopline.tw/about/press,壓縮或轉 WebP/AVIF，優先處理 inlinks 高與首屏圖片。
https://img.shoplineapp.com/media/image_clips/66d6e000ec1ee5000d4c4909/original.png?1725358079,Image over 100 KB,image/png,465049,1,,https://shopline.tw/compliance-center,壓縮或轉 WebP/AVIF，優先處理 inlinks 高與首屏圖片。
https://img.shoplineapp.com/media/image_clips/685a7c2c2e0d2b000ea6e7c1/original.png?1750760492,Image over 100 KB,image/png,329211,1,,https://shopline.tw/about/press,壓縮或轉 WebP/AVIF，優先處理 inlinks 高與首屏圖片。
https://img.shoplineapp.com/media/image_clips/699e89d2a42696cd31cbab50/original.png?1771997650=&owner_id=5d5a57ccf7124400016c8c54,Image over 100 KB,image/png,454361,1,,https://shopline.tw/about/press,壓縮或轉 WebP/AVIF，優先處理 inlinks 高與首屏圖片。
https://img.shoplineapp.com/media/image_clips/685a7f88c7a7040010a30a17/original.png?1750761352,Image over 100 KB,image/png,234055,1,,https://shopline.tw/about/press,壓縮或轉 WebP/AVIF，優先處理 inlinks 高與首屏圖片。
https://img.shoplineapp.com/media/image_clips/699e89d2764a13205491a9e7/original.png?1771997649=&owner_id=5d5a57ccf7124400016c8c54,Image over 100 KB,image/png,386197,1,,https://shopline.tw/about/press,壓縮或轉 WebP/AVIF，優先處理 inlinks 高與首屏圖片。
https://img.shoplineapp.com/media/image_clips/63b3ff0854169f001a87a41d/original.jpg?1672740615,Image over 100 KB,image/jpeg,451081,1,,https://shopline.tw/news/shopline-select-pop-up-store-part3,壓縮或轉 WebP/AVIF，優先處理 inlinks 高與首屏圖片。
https://img.shoplineapp.com/media/image_clips/66950a8b9d9a8a0010499b40/original.png?1721043594,Image over 100 KB,image/png,106594,1,,https://shopline.tw/about/press,壓縮或轉 WebP/AVIF，優先處理 inlinks 高與首屏圖片。
https://img.shoplineapp.com/media/image_clips/67511a32620c88000a4d14dc/original.png?1733368369,Image over 100 KB,image/png,755636,1,,https://shopline.tw/cooperate,壓縮或轉 WebP/AVIF，優先處理 inlinks 高與首屏圖片。
https://img.shoplineapp.com/media/image_clips/674533da90f55c1ab1064508/original.png?1732588506,Image over 100 KB,image/png,408051,5,,https://shopline.tw/showcase/food-beverage-brand | https://shopline.tw/showcase/beauty-health-brand | https://shopline.tw/showcase/electronics-brand,壓縮或轉 WebP/AVIF，優先處理 inlinks 高與首屏圖片。
https://img.shoplineapp.com/media/image_clips/6749953f538357000b924075/original.png?1732875583,Image over 100 KB,image/png,206815,1,,https://shopline.tw/online-store/shop-builder,壓縮或轉 WebP/AVIF，優先處理 inlinks 高與首屏圖片。
https://img.shoplineapp.com/media/image_clips/6746f494fb75a4000a537e11/original.png?1732703380,Image over 100 KB,image/png,115868,1,,https://shopline.tw/showcase/food-beverage-brand,壓縮或轉 WebP/AVIF，優先處理 inlinks 高與首屏圖片。
https://img.shoplineapp.com/media/image_clips/67c6ca7b5a0480000d4fc728/original.png?1741081211,Image over 100 KB,image/png,631156,1,,https://shopline.tw/online-store/outdoor-ecommerce,壓縮或轉 WebP/AVIF，優先處理 inlinks 高與首屏圖片。
https://img.shoplineapp.com/media/image_clips/63b406241e9f950011cd295c/original.jpg?1672742436,Image over 100 KB,image/jpeg,363826,1,,https://shopline.tw/news/shopline-select-pop-up-store-part2,壓縮或轉 WebP/AVIF，優先處理 inlinks 高與首屏圖片。
https://img.shoplineapp.com/media/image_clips/669502799d9a8a001c499872/original.png?1721041528,Image over 100 KB,image/png,495315,1,,https://shopline.tw/about/press,壓縮或轉 WebP/AVIF，優先處理 inlinks 高與首屏圖片。
https://img.shoplineapp.com/media/image_clips/685a7d84157de8000f1a3278/original.png?1750760836,Image over 100 KB,image/png,113851,1,,https://shopline.tw/about/press,壓縮或轉 WebP/AVIF，優先處理 inlinks 高與首屏圖片。
https://img.shoplineapp.com/media/image_clips/67481a811378b3000f8279bf/original.png?17327786255,Image over 100 KB,image/png,123954,1,,https://shopline.tw/social-commerce/features,壓縮或轉 WebP/AVIF，優先處理 inlinks 高與首屏圖片。
https://img.shoplineapp.com/media/image_clips/685b991d2157a5000c414d57/original.jpg?1750833437,Image over 100 KB,image/jpeg,219500,1,,https://shopline.tw/news/shopline-2025-omo-retail-integration-expert,壓縮或轉 WebP/AVIF，優先處理 inlinks 高與首屏圖片。
https://img.shoplineapp.com/media/image_clips/683ffcfeb359fe000d52fb5b/original.png?1749023997,Image over 100 KB,image/png,110678,1,,https://shopline.tw/solutions/omo,壓縮或轉 WebP/AVIF，優先處理 inlinks 高與首屏圖片。
https://img.shoplineapp.com/media/image_clips/6776058db2af600bdc7d541e/original.png?1735787917,Image over 100 KB,image/png,297942,1,,https://shopline.tw/about/press,壓縮或轉 WebP/AVIF，優先處理 inlinks 高與首屏圖片。
https://img.shoplineapp.com/media/image_clips/6695dd98531966001f66ad80/original.JPG?1721097624,Image over 100 KB,image/jpeg,134718,1,,https://shopline.tw/news/shopline-youtube-shopping,壓縮或轉 WebP/AVIF，優先處理 inlinks 高與首屏圖片。
https://img.shoplineapp.com/media/image_clips/6805ea53d8067a00118f90db/original.png?1745218131,Image over 100 KB,image/png,381919,1,,https://shopline.tw/features/landing-page,壓縮或轉 WebP/AVIF，優先處理 inlinks 高與首屏圖片。
https://img.shoplineapp.com/media/image_clips/69d874c2dc45a08394fc5c8e/original.png?1775793345=&owner_id=5d5a57ccf7124400016c8c54,Image over 100 KB,image/png,1680718,1,,https://shopline.tw/showcase/fashion-brand,壓縮或轉 WebP/AVIF，優先處理 inlinks 高與首屏圖片。
https://img.shoplineapp.com/media/image_clips/6695d9986dcaf5001c83de2c/original.png?1721096599,Image over 100 KB,image/png,450528,1,,https://shopline.tw/news/shopline-2023-double11-first-week,壓縮或轉 WebP/AVIF，優先處理 inlinks 高與首屏圖片。
https://img.shoplineapp.com/media/image_clips/68a3dfc859c383000c6fbe7f/original.png?1755570119,Image over 100 KB,image/png,127692,1,,https://shopline.tw/showcase/beauty-health-brand,壓縮或轉 WebP/AVIF，優先處理 inlinks 高與首屏圖片。
https://img.shoplineapp.com/media/image_clips/691407ffa45791000c3335d0/original.png?1762920446=&owner_id=5d5a57ccf7124400016c8c54,Image over 100 KB,image/png,109822,1,,https://shopline.tw/shoplytics,壓縮或轉 WebP/AVIF，優先處理 inlinks 高與首屏圖片。
https://img.shoplineapp.com/media/image_clips/699eab47f185a13e6c10ad8b/original.png?1772006215=&owner_id=5d5a57ccf7124400016c8c54,Image over 100 KB,image/png,749658,2,,https://shopline.tw/showcase | https://shopline.tw/showcase/pets,壓縮或轉 WebP/AVIF，優先處理 inlinks 高與首屏圖片。
https://img.shoplineapp.com/media/image_clips/6746e512511c5942558dc61b/original.png?1732699410,Image over 100 KB,image/png,108722,1,,https://shopline.tw/showcase/sport-outdoor-brand,壓縮或轉 WebP/AVIF，優先處理 inlinks 高與首屏圖片。
https://img.shoplineapp.com/media/image_clips/685a7c2cf99401000d6a7f45/original.png?1750760492,Image over 100 KB,image/png,270814,1,,https://shopline.tw/about/press,壓縮或轉 WebP/AVIF，優先處理 inlinks 高與首屏圖片。
https://img.shoplineapp.com/media/image_clips/685a7a6c4bf21c000fb384d7/original.png?1750760044,Image over 100 KB,image/png,413911,1,,https://shopline.tw/about/press,壓縮或轉 WebP/AVIF，優先處理 inlinks 高與首屏圖片。
https://img.shoplineapp.com/media/image_clips/685a7d0055b5c91199b04177/original.png?1750760703,Image over 100 KB,image/png,385933,1,,https://shopline.tw/about/press,壓縮或轉 WebP/AVIF，優先處理 inlinks 高與首屏圖片。
https://img.shoplineapp.com/media/image_clips/68a3dfc84b49360016114e37/original.png?1755570119,Image over 100 KB,image/png,223589,1,,https://shopline.tw/showcase/sport-outdoor-brand,壓縮或轉 WebP/AVIF，優先處理 inlinks 高與首屏圖片。
https://img.shoplineapp.com/media/image_clips/699eab47e3e15223abaa8de1/original.png?1772006215=&owner_id=5d5a57ccf7124400016c8c54,Image over 100 KB,image/png,413376,1,,https://shopline.tw/showcase,壓縮或轉 WebP/AVIF，優先處理 inlinks 高與首屏圖片。
https://img.shoplineapp.com/media/image_clips/6746ea50abbabf000caf372f/original.png?1732700751,Image over 100 KB,image/png,104219,1,,https://shopline.tw/showcase/beauty-health-brand,壓縮或轉 WebP/AVIF，優先處理 inlinks 高與首屏圖片。
https://img.shoplineapp.com/media/image_clips/637ee0ab9b494700252d3f94/original.png?1669259434,Image over 100 KB,image/png,177378,1,,https://shopline.tw/about/press,壓縮或轉 WebP/AVIF，優先處理 inlinks 高與首屏圖片。
https://img.shoplineapp.com/media/image_clips/63b3efec9c59930013ea3106/original.jpg?1672736748,Image over 100 KB,image/jpeg,190473,1,,https://shopline.tw/news/shopline-gogolook-anti-fraud,壓縮或轉 WebP/AVIF，優先處理 inlinks 高與首屏圖片。
https://img.shoplineapp.com/media/image_clips/67b2b04b2cb158000d4b63c4/original.png?1739763786,Image over 100 KB,image/png,208335,1,,https://shopline.tw/online-store/pets,壓縮或轉 WebP/AVIF，優先處理 inlinks 高與首屏圖片。
https://img.shoplineapp.com/media/image_clips/68f8753d37e8c300182bc547/original.png?1761113405=&owner_id=5d5a57ccf7124400016c8c54,Image over 100 KB,image/png,183848,1,,https://shopline.tw/showcase/health-and-supplements,壓縮或轉 WebP/AVIF，優先處理 inlinks 高與首屏圖片。
https://img.shoplineapp.com/media/image_clips/699e8ab73fcca40857d1d2fe/original.png?1771997879=&owner_id=5d5a57ccf7124400016c8c54,Image over 100 KB,image/png,370503,1,,https://shopline.tw/news/shopline-payments-mpi,壓縮或轉 WebP/AVIF，優先處理 inlinks 高與首屏圖片。
https://img.shoplineapp.com/media/image_clips/6720bdb4b915cb2a11d9efa0/original.png?1730198963,Image over 100 KB,image/png,469825,1,,https://shopline.tw/pos,壓縮或轉 WebP/AVIF，優先處理 inlinks 高與首屏圖片。
https://img.shoplineapp.com/media/image_clips/68f5dba56e3369000ca43ae1/original.png?1760943012=&owner_id=5d5a57ccf7124400016c8c54,Image over 100 KB,image/png,115102,1,,https://shopline.tw/showcase/health-and-supplements,壓縮或轉 WebP/AVIF，優先處理 inlinks 高與首屏圖片。
https://img.shoplineapp.com/media/image_clips/6763cea7397510000c24ebb0/original.png?1734594214,Image over 100 KB,image/png,203709,1,,https://shopline.tw/selectedpartners,壓縮或轉 WebP/AVIF，優先處理 inlinks 高與首屏圖片。
https://img.shoplineapp.com/media/image_clips/66950b4c0f852000224edd59/original.png?1721043788,Image over 100 KB,image/png,147100,1,,https://shopline.tw/about/press,壓縮或轉 WebP/AVIF，優先處理 inlinks 高與首屏圖片。
https://img.shoplineapp.com/media/image_clips/64b78bfef84ec70014f2b7d9/original.jpg?1689750525,Image over 100 KB,image/jpeg,116053,1,,https://shopline.tw/news/shopline-2023-brand-awards,壓縮或轉 WebP/AVIF，優先處理 inlinks 高與首屏圖片。
https://img.shoplineapp.com/media/image_clips/669502788a098a001321ee99/original.png?1721041528,Image over 100 KB,image/png,211211,1,,https://shopline.tw/about/press,壓縮或轉 WebP/AVIF，優先處理 inlinks 高與首屏圖片。
https://img.shoplineapp.com/media/image_clips/699eab47433ab024ea78d710/original.png?1772006215=&owner_id=5d5a57ccf7124400016c8c54,Image over 100 KB,image/png,357026,1,,https://shopline.tw/showcase,壓縮或轉 WebP/AVIF，優先處理 inlinks 高與首屏圖片。
https://img.shoplineapp.com/media/image_clips/652e4f8d52a514001e910fb3/original.png?1697533837,Image over 100 KB,image/png,200458,1,,https://shopline.tw/about/press,壓縮或轉 WebP/AVIF，優先處理 inlinks 高與首屏圖片。
https://img.shoplineapp.com/media/image_clips/689bf99ba721a1000a3acaac/original.png?1755052442,Image over 100 KB,image/png,1006121,1,,https://shopline.tw/online-store/care-product,壓縮或轉 WebP/AVIF，優先處理 inlinks 高與首屏圖片。
https://img.shoplineapp.com/media/image_clips/676ba239d53223000d00057c/original.png?1735107129,Image over 100 KB,image/png,132335,1,,https://shopline.tw/showcase/electronics-brand,壓縮或轉 WebP/AVIF，優先處理 inlinks 高與首屏圖片。
https://img.shoplineapp.com/media/image_clips/685cf635471187000a5710a0/original.png?1750922805,Image over 100 KB,image/png,117890,1,,https://shopline.tw/solutions/member-repurchase,壓縮或轉 WebP/AVIF，優先處理 inlinks 高與首屏圖片。
https://img.shoplineapp.com/media/image_clips/6764ee4107c77d000bf8539c/original.png?1734667840,Image over 100 KB,image/png,380341,1,,https://shopline.tw/online-store/health-and-supplements,壓縮或轉 WebP/AVIF，優先處理 inlinks 高與首屏圖片。
https://img.shoplineapp.com/media/image_clips/680f2ac32761c0000d10bf07/original.png?1745824451,Image over 100 KB,image/png,320888,1,,https://shopline.tw/online-store/bags,壓縮或轉 WebP/AVIF，優先處理 inlinks 高與首屏圖片。
https://img.shoplineapp.com/media/image_clips/6747ee63f24b5d000a7dca96/original.png?1732767331,Image over 100 KB,image/png,117069,1,,https://shopline.tw/showcase/sport-outdoor-brand,壓縮或轉 WebP/AVIF，優先處理 inlinks 高與首屏圖片。
https://img.shoplineapp.com/media/image_clips/6746f6f454da66ae42c92a5c/original.png?1732703987,Image over 100 KB,image/png,102427,1,,https://shopline.tw/showcase/food-beverage-brand,壓縮或轉 WebP/AVIF，優先處理 inlinks 高與首屏圖片。
https://img.shoplineapp.com/media/image_clips/6710c76eb7d598000f795afb/original.png?1729152877,Image over 100 KB,image/png,109172,1,,https://shopline.tw/about/pricing/module,壓縮或轉 WebP/AVIF，優先處理 inlinks 高與首屏圖片。
https://img.shoplineapp.com/media/image_clips/6745a402920f5a000c112d71/original.png?1732617218,Image over 100 KB,image/png,583828,1,,https://shopline.tw/cooperate,壓縮或轉 WebP/AVIF，優先處理 inlinks 高與首屏圖片。
https://img.shoplineapp.com/media/image_clips/63b5181c4e25eb001d3e1676/original.png?1672812571,Image over 100 KB,image/png,247769,1,,https://shopline.tw/news/sc-instagram-live,壓縮或轉 WebP/AVIF，優先處理 inlinks 高與首屏圖片。
https://img.shoplineapp.com/media/image_clips/699e89d2caec2a0e8f198a70/original.png?1771997649=&owner_id=5d5a57ccf7124400016c8c54,Image over 100 KB,image/png,479995,1,,https://shopline.tw/about/press,壓縮或轉 WebP/AVIF，優先處理 inlinks 高與首屏圖片。
https://img.shoplineapp.com/media/image_clips/67a177ab434c8c000cb94b4e/original.png?1738635179,Image over 100 KB,image/png,431908,1,,https://shopline.tw/,壓縮或轉 WebP/AVIF，優先處理 inlinks 高與首屏圖片。
https://img.shoplineapp.com/media/image_clips/682c187b520c45000db2ad59/original.png?1747720314,Image over 100 KB,image/png,796649,1,,https://shopline.tw/online-store/fragrance-products,壓縮或轉 WebP/AVIF，優先處理 inlinks 高與首屏圖片。
https://img.shoplineapp.com/media/image_clips/6763c129023c93000e459839/original.png?1734590760,Image over 100 KB,image/png,250570,1,,https://shopline.tw/logistics,壓縮或轉 WebP/AVIF，優先處理 inlinks 高與首屏圖片。
https://img.shoplineapp.com/media/image_clips/672b2b02865636000f5f5bb8/original.png?1730882306,Image over 100 KB,image/png,182607,1,,https://shopline.tw/targeted-marketing,壓縮或轉 WebP/AVIF，優先處理 inlinks 高與首屏圖片。
https://img.shoplineapp.com/media/image_clips/699eab47caec2a8d4a198c41/original.png?1772006215=&owner_id=5d5a57ccf7124400016c8c54,Image over 100 KB,image/png,246089,1,,https://shopline.tw/showcase,壓縮或轉 WebP/AVIF，優先處理 inlinks 高與首屏圖片。
https://img.shoplineapp.com/media/image_clips/64b78f674600ca001ae7c8cd/original.png?1689751399,Image over 100 KB,image/png,165485,1,,https://shopline.tw/about/press,壓縮或轉 WebP/AVIF，優先處理 inlinks 高與首屏圖片。
https://img.shoplineapp.com/media/image_clips/673dbdf3c32405000b383f2b/original.png?1732099571,Image over 100 KB,image/png,695908,1,,https://shopline.tw/group-buying,壓縮或轉 WebP/AVIF，優先處理 inlinks 高與首屏圖片。
https://img.shoplineapp.com/media/image_clips/669502786a243f001cd99db2/original.png?1721041528,Image over 100 KB,image/png,175960,1,,https://shopline.tw/about/press,壓縮或轉 WebP/AVIF，優先處理 inlinks 高與首屏圖片。
https://img.shoplineapp.com/media/image_clips/6695cd19bba7a5001ff07cd3/original.png?1721093401,Image over 100 KB,image/png,128133,1,,https://shopline.tw/about/press,壓縮或轉 WebP/AVIF，優先處理 inlinks 高與首屏圖片。
https://img.shoplineapp.com/media/image_clips/6746f4943d18e5000aad0632/original.png?1732703380,Image over 100 KB,image/png,106245,1,,https://shopline.tw/showcase/food-beverage-brand,壓縮或轉 WebP/AVIF，優先處理 inlinks 高與首屏圖片。
https://img.shoplineapp.com/media/image_clips/6746f6f4d4a83d000aaf1b6e/original.png?1732703987,Image over 100 KB,image/png,125388,1,,https://shopline.tw/showcase/electronics-brand,壓縮或轉 WebP/AVIF，優先處理 inlinks 高與首屏圖片。
https://img.shoplineapp.com/media/image_clips/677607e9c3cd9b0011086755/original.jpg?1735788521,Image over 100 KB,image/jpeg,461220,1,,https://shopline.tw/news/shopline-payments-aftee,壓縮或轉 WebP/AVIF，優先處理 inlinks 高與首屏圖片。
https://img.shoplineapp.com/media/image_clips/66950279f713a7000d46996b/original.png?1721041528,Image over 100 KB,image/png,237177,1,,https://shopline.tw/about/press,壓縮或轉 WebP/AVIF，優先處理 inlinks 高與首屏圖片。
https://img.shoplineapp.com/media/image_clips/67d0ec862feca60011f85b05/original.png?1741745286,Image over 100 KB,image/png,380834,1,,https://shopline.tw/solutions,壓縮或轉 WebP/AVIF，優先處理 inlinks 高與首屏圖片。
https://img.shoplineapp.com/media/image_clips/677607e99200bd000d3224c3/original.jpg?1735788521,Image over 100 KB,image/jpeg,293364,1,,https://shopline.tw/news/shopline-2024-double11,壓縮或轉 WebP/AVIF，優先處理 inlinks 高與首屏圖片。
https://img.shoplineapp.com/media/image_clips/64b790e339a16b00201b07f5/original.png?1689751779,Image over 100 KB,image/png,166429,1,,https://shopline.tw/about/press,壓縮或轉 WebP/AVIF，優先處理 inlinks 高與首屏圖片。
https://img.shoplineapp.com/media/image_clips/699eab47015c9330a7f516cc/original.png?1772006215=&owner_id=5d5a57ccf7124400016c8c54,Image over 100 KB,image/png,329442,1,,https://shopline.tw/showcase,壓縮或轉 WebP/AVIF，優先處理 inlinks 高與首屏圖片。
https://img.shoplineapp.com/media/image_clips/66950278bc3d79001f6f5cc5/original.png?1721041528,Image over 100 KB,image/png,185851,1,,https://shopline.tw/about/press,壓縮或轉 WebP/AVIF，優先處理 inlinks 高與首屏圖片。
https://img.shoplineapp.com/media/image_clips/6863407ac288e2000d97a62c/original.png?1751335033,Image over 100 KB,image/png,146553,1,,https://shopline.tw/compliance-center,壓縮或轉 WebP/AVIF，優先處理 inlinks 高與首屏圖片。
https://img.shoplineapp.com/media/image_clips/699e89d2bc75b18f9252526c/original.png?1771997650=&owner_id=5d5a57ccf7124400016c8c54,Image over 100 KB,image/png,113439,1,,https://shopline.tw/about/press,壓縮或轉 WebP/AVIF，優先處理 inlinks 高與首屏圖片。
https://img.shoplineapp.com/media/image_clips/6763c12944681d000e094c08/original.png?1734590760,Image over 100 KB,image/png,218634,1,,https://shopline.tw/logistics,壓縮或轉 WebP/AVIF，優先處理 inlinks 高與首屏圖片。
https://img.shoplineapp.com/media/image_clips/674533da2de0b1fb68291c10/original.png?1732588506,Image over 100 KB,image/png,296340,5,,https://shopline.tw/showcase/food-beverage-brand | https://shopline.tw/showcase/beauty-health-brand | https://shopline.tw/showcase/electronics-brand,壓縮或轉 WebP/AVIF，優先處理 inlinks 高與首屏圖片。
https://img.shoplineapp.com/media/image_clips/672094b9d42fd5000b080a89/original.png?1730188472,Image over 100 KB,image/png,154263,1,,https://shopline.tw/online-store,壓縮或轉 WebP/AVIF，優先處理 inlinks 高與首屏圖片。
https://img.shoplineapp.com/media/image_clips/66950278dba45f0016e00bb4/original.png?1721041528,Image over 100 KB,image/png,106660,1,,https://shopline.tw/about/press,壓縮或轉 WebP/AVIF，優先處理 inlinks 高與首屏圖片。
https://img.shoplineapp.com/media/image_clips/67481d655f8b0463ef5b344b/original.png?1732779364,Image over 100 KB,image/png,103539,1,,https://shopline.tw/pos/features,壓縮或轉 WebP/AVIF，優先處理 inlinks 高與首屏圖片。
https://img.shoplineapp.com/media/image_clips/6720ae50dcbeed000a9a4dff/original.png?1730195024,Image over 100 KB,image/png,407610,1,,https://shopline.tw/social-commerce,壓縮或轉 WebP/AVIF，優先處理 inlinks 高與首屏圖片。
https://img.shoplineapp.com/media/image_clips/66950278fec8e4000d536796/original.png?1721041528,Image over 100 KB,image/png,155666,1,,https://shopline.tw/about/press,壓縮或轉 WebP/AVIF，優先處理 inlinks 高與首屏圖片。
https://img.shoplineapp.com/media/image_clips/6710c76e344fc7000ffdc9fd/original.png?1729152877,Image over 100 KB,image/png,114335,1,,https://shopline.tw/about/pricing/module,壓縮或轉 WebP/AVIF，優先處理 inlinks 高與首屏圖片。
https://img.shoplineapp.com/media/image_clips/6764ecaac325a500119ea24f/original.png?1734667433,Image over 100 KB,image/png,804874,1,,https://shopline.tw/online-store/cosmetics,壓縮或轉 WebP/AVIF，優先處理 inlinks 高與首屏圖片。
https://img.shoplineapp.com/media/image_clips/63997f475e52cb00160dcc0f/original.png?1671003975,Image over 100 KB,image/png,236608,1,,https://shopline.tw/about/press,壓縮或轉 WebP/AVIF，優先處理 inlinks 高與首屏圖片。
https://img.shoplineapp.com/media/image_clips/64b784a263596a001ac18926/original.jpg?1689748642,Image over 100 KB,image/jpeg,270377,1,,https://shopline.tw/news/shopline-app-store,壓縮或轉 WebP/AVIF，優先處理 inlinks 高與首屏圖片。
https://img.shoplineapp.com/media/image_clips/672b232416f9df000aa08150/original.png?1730880292,Image over 100 KB,image/png,546225,1,,https://shopline.tw/pos/hardware,壓縮或轉 WebP/AVIF，優先處理 inlinks 高與首屏圖片。
https://img.shoplineapp.com/media/image_clips/6695e2fd1b3de3000d1b1213/original.jpg?1721099004,Image over 100 KB,image/jpeg,104466,1,,https://shopline.tw/news/shopline-iopenmall-oneec-cooperation,壓縮或轉 WebP/AVIF，優先處理 inlinks 高與首屏圖片。
https://img.shoplineapp.com/media/image_clips/68197eeb81c44a000a70b2c0/original.png?1746501354,Image over 100 KB,image/png,140646,1,,https://shopline.tw/features/order-management,壓縮或轉 WebP/AVIF，優先處理 inlinks 高與首屏圖片。
https://img.shoplineapp.com/media/image_clips/64b78bfe1d9f330017959dee/original.jpg?1689750526,Image over 100 KB,image/jpeg,383524,1,,https://shopline.tw/news/shopline-2023-brand-awards,壓縮或轉 WebP/AVIF，優先處理 inlinks 高與首屏圖片。
https://img.shoplineapp.com/media/image_clips/6746ea5000c957000d2362f4/original.png?1732700751,Image over 100 KB,image/png,125246,1,,https://shopline.tw/showcase/beauty-health-brand,壓縮或轉 WebP/AVIF，優先處理 inlinks 高與首屏圖片。
https://img.shoplineapp.com/media/image_clips/6746ea50435e70000c48a2af/original.png?1732700751,Image over 100 KB,image/png,113529,1,,https://shopline.tw/showcase/beauty-health-brand,壓縮或轉 WebP/AVIF，優先處理 inlinks 高與首屏圖片。
https://img.shoplineapp.com/media/image_clips/628b3407e4af980012048327/original.png?1653289991,Image over 100 KB,image/png,112466,1,,https://shopline.tw/about/press,壓縮或轉 WebP/AVIF，優先處理 inlinks 高與首屏圖片。
https://img.shoplineapp.com/media/image_clips/673bf515820b98000de55e7c/original.png?1731982613,Image over 100 KB,image/png,182858,1,,https://shopline.tw/shopper-app,壓縮或轉 WebP/AVIF，優先處理 inlinks 高與首屏圖片。
https://img.shoplineapp.com/media/image_clips/66fb5dafaa9b76f03b851899/original.png?1727749551,Image over 100 KB,image/png,328433,1,,https://shopline.tw/about/press,壓縮或轉 WebP/AVIF，優先處理 inlinks 高與首屏圖片。
https://img.shoplineapp.com/media/image_clips/68a3dfc84805ff0016d6de13/original.png?1755570119,Image over 100 KB,image/png,180426,1,,https://shopline.tw/showcase/food-beverage-brand,壓縮或轉 WebP/AVIF，優先處理 inlinks 高與首屏圖片。
https://img.shoplineapp.com/media/image_clips/6747ee638b7e13000aa085cb/original.png?1732767331,Image over 100 KB,image/png,123006,1,,https://shopline.tw/showcase/electronics-brand,壓縮或轉 WebP/AVIF，優先處理 inlinks 高與首屏圖片。
https://img.shoplineapp.com/media/image_clips/6729bc0bf7d447000b6cfc30/original.png?1730788362,Image over 100 KB,image/png,217507,1,,https://shopline.tw/compliance-center,壓縮或轉 WebP/AVIF，優先處理 inlinks 高與首屏圖片。
https://img.shoplineapp.com/media/image_clips/67596a1290048d000a0dad61/original.png?1733913106,Image over 100 KB,image/png,543216,1,,https://shopline.tw/pos,壓縮或轉 WebP/AVIF，優先處理 inlinks 高與首屏圖片。
https://img.shoplineapp.com/media/image_clips/6764ecaa2e771f000d2a4694/original.png?1734667434,Image over 100 KB,image/png,975027,1,,https://shopline.tw/online-store/food-and-beverage,壓縮或轉 WebP/AVIF，優先處理 inlinks 高與首屏圖片。
https://img.shoplineapp.com/media/image_clips/67651734153712000c4ac86f/original.png?1734678323,Image over 100 KB,image/png,1440061,1,,https://shopline.tw/smart-omo,壓縮或轉 WebP/AVIF，優先處理 inlinks 高與首屏圖片。
https://img.shoplineapp.com/media/image_clips/67177d5b99af3e00104ffadf/original.png?1729592667,Image over 100 KB,image/png,164944,1,,https://shopline.tw/online-store-setup,壓縮或轉 WebP/AVIF，優先處理 inlinks 高與首屏圖片。
https://img.shoplineapp.com/media/image_clips/674571c38a3f4f000cf02ddc/original.png?1732604355,Image over 100 KB,image/png,181441,1,,https://shopline.tw/about,壓縮或轉 WebP/AVIF，優先處理 inlinks 高與首屏圖片。
https://img.shoplineapp.com/media/image_clips/6763cea737dfe3000baf90d2/original.png?1734594214,Image over 100 KB,image/png,183296,1,,https://shopline.tw/online-store/fashion-and-apparel,壓縮或轉 WebP/AVIF，優先處理 inlinks 高與首屏圖片。
https://img.shoplineapp.com/media/image_clips/63b4e4db4b4d1d00112bc625/original.jpg?1672799451,Image over 100 KB,image/jpeg,292549,1,,https://shopline.tw/news/shopline-select-pop-up-store-part1,壓縮或轉 WebP/AVIF，優先處理 inlinks 高與首屏圖片。
https://img.shoplineapp.com/media/image_clips/699e8ab7a15e9afed76214ba/original.jpg?1771997879=&owner_id=5d5a57ccf7124400016c8c54,Image over 100 KB,image/jpeg,164457,1,,https://shopline.tw/news/shopline-cashback,壓縮或轉 WebP/AVIF，優先處理 inlinks 高與首屏圖片。
https://img.shoplineapp.com/media/image_clips/6776058db8b681000a900df7/original.png?1735787917,Image over 100 KB,image/png,172185,1,,https://shopline.tw/about/press,壓縮或轉 WebP/AVIF，優先處理 inlinks 高與首屏圖片。
https://img.shoplineapp.com/media/image_clips/699eab4733266d591f57d14d/original.png?1772006215=&owner_id=5d5a57ccf7124400016c8c54,Image over 100 KB,image/png,367018,1,,https://shopline.tw/showcase,壓縮或轉 WebP/AVIF，優先處理 inlinks 高與首屏圖片。
https://img.shoplineapp.com/media/image_clips/64b7909b7ee009001adf15e4/original.png?1689751707,Image over 100 KB,image/png,155029,1,,https://shopline.tw/about/press,壓縮或轉 WebP/AVIF，優先處理 inlinks 高與首屏圖片。
https://img.shoplineapp.com/media/image_clips/699e89d233266dbdd257d875/original.png?1771997650=&owner_id=5d5a57ccf7124400016c8c54,Image over 100 KB,image/png,398791,1,,https://shopline.tw/about/press,壓縮或轉 WebP/AVIF，優先處理 inlinks 高與首屏圖片。
https://img.shoplineapp.com/media/image_clips/67496f6aff7e76000ffe688e/original.png?1732865897,Image over 100 KB,image/png,223298,1,,https://shopline.tw/pos/hardware,壓縮或轉 WebP/AVIF，優先處理 inlinks 高與首屏圖片。
https://img.shoplineapp.com/media/image_clips/67c6c218b5a962000cc504a8/original.png?1741079064,Image over 100 KB,image/png,173979,1,,https://shopline.tw/online-store/product-3c-accessories,壓縮或轉 WebP/AVIF，優先處理 inlinks 高與首屏圖片。
https://img.shoplineapp.com/media/image_clips/6747ee639675025fe4490f42/original.png?1732767331,Image over 100 KB,image/png,132351,1,,https://shopline.tw/showcase/sport-outdoor-brand,壓縮或轉 WebP/AVIF，優先處理 inlinks 高與首屏圖片。
https://img.shoplineapp.com/media/image_clips/683069f464edd1000e03f669/original.png?1748003314,Image over 100 KB,image/png,572646,1,,https://shopline.tw/news/shopline-20250523,壓縮或轉 WebP/AVIF，優先處理 inlinks 高與首屏圖片。
https://img.shoplineapp.com/media/image_clips/685b99bd98e478000d31822f/original.jpg?1750833597,Image over 100 KB,image/jpeg,171011,1,,https://shopline.tw/news/shopline-employer-brand-2025,壓縮或轉 WebP/AVIF，優先處理 inlinks 高與首屏圖片。
https://img.shoplineapp.com/media/image_clips/6747ee6367e652000a081054/original.png?1732767331,Image over 100 KB,image/png,134294,1,,https://shopline.tw/showcase/sport-outdoor-brand,壓縮或轉 WebP/AVIF，優先處理 inlinks 高與首屏圖片。
https://img.shoplineapp.com/media/image_clips/6747ee6384724b000c9aa234/original.png?1732767331,Image over 100 KB,image/png,103761,1,,https://shopline.tw/showcase/sport-outdoor-brand,壓縮或轉 WebP/AVIF，優先處理 inlinks 高與首屏圖片。
https://img.shoplineapp.com/media/image_clips/685b991dfa5852000c9a9911/original.jpg?1750833437,Image over 100 KB,image/jpeg,151239,1,,https://shopline.tw/news/shopline-2025-omo-retail-integration-expert,壓縮或轉 WebP/AVIF，優先處理 inlinks 高與首屏圖片。
https://img.shoplineapp.com/media/image_clips/685a7b051d01fd000b964034/original.png?1750760197,Image over 100 KB,image/png,428696,1,,https://shopline.tw/about/press,壓縮或轉 WebP/AVIF，優先處理 inlinks 高與首屏圖片。
https://img.shoplineapp.com/media/image_clips/68b5473eff18c6000ce63cb9/original.png?1756710718=&owner_id=5d5a57ccf7124400016c8c54,Image over 100 KB,image/png,346293,1,,https://shopline.tw/online-store/bedding,壓縮或轉 WebP/AVIF，優先處理 inlinks 高與首屏圖片。
https://img.shoplineapp.com/media/image_clips/6a01c979dcf6c7a4e2c6fe94/original.png?1778502008=&owner_id=5d5a57ccf7124400016c8c54,Image over 100 KB,image/png,699344,1,,https://shopline.tw/showcase/lifestyle-brand,壓縮或轉 WebP/AVIF，優先處理 inlinks 高與首屏圖片。
https://img.shoplineapp.com/media/image_clips/6969ec0b143cf76889eac1bd/original.png?1768549386=&owner_id=5d5a57ccf7124400016c8c54,Image over 100 KB,image/png,214539,2,,https://shopline.tw/online-store/shop-builder | https://shopline.tw/online-store/shop-builder-crowdfunding,壓縮或轉 WebP/AVIF，優先處理 inlinks 高與首屏圖片。
https://img.shoplineapp.com/media/image_clips/6746f4950ab88f000b5b8751/original.png?1732703380,Image over 100 KB,image/png,131632,1,,https://shopline.tw/showcase/food-beverage-brand,壓縮或轉 WebP/AVIF，優先處理 inlinks 高與首屏圖片。
https://img.shoplineapp.com/media/image_clips/64b78fee80a9cb0017b70580/original.png?1689751534,Image over 100 KB,image/png,197791,1,,https://shopline.tw/about/press,壓縮或轉 WebP/AVIF，優先處理 inlinks 高與首屏圖片。
https://img.shoplineapp.com/media/image_clips/63b3f415474f910023ce9392/original.jpg?1672737813,Image over 100 KB,image/jpeg,117613,1,,https://shopline.tw/news/shopline-zingala-bnp,壓縮或轉 WebP/AVIF，優先處理 inlinks 高與首屏圖片。
https://img.shoplineapp.com/media/image_clips/67b2976e28edb3000d3b8e66/original.png?1739757422,Image over 100 KB,image/png,190032,1,,https://shopline.tw/online-store/maternity-and-baby,壓縮或轉 WebP/AVIF，優先處理 inlinks 高與首屏圖片。
https://img.shoplineapp.com/media/image_clips/6720644d13e960000c14d618/original.png?1730176077,Image over 100 KB,image/png,236325,1,,https://shopline.tw/payments,壓縮或轉 WebP/AVIF，優先處理 inlinks 高與首屏圖片。
https://img.shoplineapp.com/media/image_clips/691407fffcd4ef000a640841/original.png?1762920446=&owner_id=5d5a57ccf7124400016c8c54,Image over 100 KB,image/png,189288,1,,https://shopline.tw/shoplytics,壓縮或轉 WebP/AVIF，優先處理 inlinks 高與首屏圖片。
https://img.shoplineapp.com/media/image_clips/6875f42ae91590000ae1944e/original.png?1752560682,Image over 100 KB,image/png,148291,1,,https://shopline.tw/solutions/traffic-and-conversion,壓縮或轉 WebP/AVIF，優先處理 inlinks 高與首屏圖片。
https://img.shoplineapp.com/media/image_clips/673c52ef508d57000d1a3646/original.png?1732006639,Image over 100 KB,image/png,167180,1,,https://shopline.tw/line-solution,壓縮或轉 WebP/AVIF，優先處理 inlinks 高與首屏圖片。
https://img.shoplineapp.com/media/image_clips/699e89d28ea72f1b1c419099/original.png?1771997650=&owner_id=5d5a57ccf7124400016c8c54,Image over 100 KB,image/png,472392,1,,https://shopline.tw/about/press,壓縮或轉 WebP/AVIF，優先處理 inlinks 高與首屏圖片。
https://img.shoplineapp.com/media/image_clips/64b78fb3fdc441001d2eeec1/original.png?1689751475,Image over 100 KB,image/png,147306,1,,https://shopline.tw/about/press,壓縮或轉 WebP/AVIF，優先處理 inlinks 高與首屏圖片。
https://img.shoplineapp.com/media/image_clips/66d6dfffcafb53000d7b444f/original.png?1725358079,Image over 100 KB,image/png,336486,1,,https://shopline.tw/compliance-center,壓縮或轉 WebP/AVIF，優先處理 inlinks 高與首屏圖片。
https://img.shoplineapp.com/media/image_clips/68f8753d05f5af000e666866/original.png?1761113405=&owner_id=5d5a57ccf7124400016c8c54,Image over 100 KB,image/png,162477,1,,https://shopline.tw/showcase/health-and-supplements,壓縮或轉 WebP/AVIF，優先處理 inlinks 高與首屏圖片。
https://img.shoplineapp.com/media/image_clips/6720ae5039346d0011f60f75/original.png?1730195024,Image over 100 KB,image/png,179106,1,,https://shopline.tw/social-commerce,壓縮或轉 WebP/AVIF，優先處理 inlinks 高與首屏圖片。
https://img.shoplineapp.com/media/image_clips/6747ee63e4471100111488ad/original.png?1732767331,Image over 100 KB,image/png,117625,1,,https://shopline.tw/showcase/sport-outdoor-brand,壓縮或轉 WebP/AVIF，優先處理 inlinks 高與首屏圖片。
https://img.shoplineapp.com/media/image_clips/677275156f305c000a7b364a/original.png?1735554324,Image over 100 KB,image/png,246234,1,,https://shopline.tw/social-commerce/instagram-live,壓縮或轉 WebP/AVIF，優先處理 inlinks 高與首屏圖片。
