address,issue,content_type,status_code,status,indexability,canonical,recommended_fix
https://shopline.tw/faq/pos,Missing HSTS header,text/html; charset=utf-8,200,OK,Indexable,https://shopline.tw/faq/pos,於 CDN/edge 或 origin 加入 Strict-Transport-Security，先確認所有子網域 HTTPS readiness。
https://shopline.tw/payments,Missing HSTS header,text/html; charset=utf-8,200,OK,Indexable,https://shopline.tw/payments,於 CDN/edge 或 origin 加入 Strict-Transport-Security，先確認所有子網域 HTTPS readiness。
https://shopline.tw/online-store/product-3c-accessories,Missing HSTS header,text/html; charset=utf-8,200,OK,Indexable,https://shopline.tw/online-store/product-3c-accessories,於 CDN/edge 或 origin 加入 Strict-Transport-Security，先確認所有子網域 HTTPS readiness。
https://shopline.tw/online-store/outdoor-ecommerce,Missing HSTS header,text/html; charset=utf-8,200,OK,Indexable,https://shopline.tw/online-store/outdoor-ecommerce,於 CDN/edge 或 origin 加入 Strict-Transport-Security，先確認所有子網域 HTTPS readiness。
https://shopline.tw/online-store,Missing HSTS header,text/html; charset=utf-8,200,OK,Indexable,https://shopline.tw/online-store,於 CDN/edge 或 origin 加入 Strict-Transport-Security，先確認所有子網域 HTTPS readiness。
https://shopline.tw/online-store/bedding,Missing HSTS header,text/html; charset=utf-8,200,OK,Indexable,https://shopline.tw/online-store/bedding,於 CDN/edge 或 origin 加入 Strict-Transport-Security，先確認所有子網域 HTTPS readiness。
https://shopline.tw/solutions/traffic-and-conversion,Missing HSTS header,text/html; charset=utf-8,200,OK,Indexable,https://shopline.tw/solutions/traffic-and-conversion,於 CDN/edge 或 origin 加入 Strict-Transport-Security，先確認所有子網域 HTTPS readiness。
https://shopline.tw/compliance-center,Missing HSTS header,text/html; charset=utf-8,200,OK,Indexable,https://shopline.tw/compliance-center,於 CDN/edge 或 origin 加入 Strict-Transport-Security，先確認所有子網域 HTTPS readiness。
https://shopline.tw/online-store/fragrance-products,Missing HSTS header,text/html; charset=utf-8,200,OK,Indexable,https://shopline.tw/online-store/fragrance-products,於 CDN/edge 或 origin 加入 Strict-Transport-Security，先確認所有子網域 HTTPS readiness。
https://shopline.tw/faq/overview,Missing HSTS header,text/html; charset=utf-8,200,OK,Indexable,https://shopline.tw/faq/overview,於 CDN/edge 或 origin 加入 Strict-Transport-Security，先確認所有子網域 HTTPS readiness。
https://shopline.tw/news/shopline-2023-retail-whitepaper,Missing HSTS header,text/html; charset=utf-8,200,OK,Indexable,https://shopline.tw/news/shopline-2023-retail-whitepaper,於 CDN/edge 或 origin 加入 Strict-Transport-Security，先確認所有子網域 HTTPS readiness。
https://shopline.tw/about/pricing,Missing HSTS header,text/html; charset=utf-8,200,OK,Indexable,https://shopline.tw/about/pricing,於 CDN/edge 或 origin 加入 Strict-Transport-Security，先確認所有子網域 HTTPS readiness。
https://shopline.tw/news/shopline-2025-omo-retail-integration-expert,Missing HSTS header,text/html; charset=utf-8,200,OK,Indexable,https://shopline.tw/news/shopline-2025-omo-retail-integration-expert,於 CDN/edge 或 origin 加入 Strict-Transport-Security，先確認所有子網域 HTTPS readiness。
https://shopline.tw/changelog,Missing HSTS header,text/html; charset=utf-8,200,OK,Indexable,https://shopline.tw/changelog,於 CDN/edge 或 origin 加入 Strict-Transport-Security，先確認所有子網域 HTTPS readiness。
https://shopline.tw/news/shopline-partner-summit-2024,Missing HSTS header,text/html; charset=utf-8,200,OK,Indexable,https://shopline.tw/news/shopline-partner-summit-2024,於 CDN/edge 或 origin 加入 Strict-Transport-Security，先確認所有子網域 HTTPS readiness。
https://shopline.tw/online-store/shop-builder-crowdfunding,Missing HSTS header,text/html; charset=utf-8,200,OK,Indexable,https://shopline.tw/online-store/shop-builder-crowdfunding,於 CDN/edge 或 origin 加入 Strict-Transport-Security，先確認所有子網域 HTTPS readiness。
https://shopline.tw/online-store/fashion-and-apparel,Missing HSTS header,text/html; charset=utf-8,200,OK,Indexable,https://shopline.tw/online-store/fashion-and-apparel,於 CDN/edge 或 origin 加入 Strict-Transport-Security，先確認所有子網域 HTTPS readiness。
https://shopline.tw/pos/features,Missing HSTS header,text/html; charset=utf-8,200,OK,Indexable,https://shopline.tw/pos/features,於 CDN/edge 或 origin 加入 Strict-Transport-Security，先確認所有子網域 HTTPS readiness。
https://shopline.tw/news/shopline-2022-whitepaper,Missing HSTS header,text/html; charset=utf-8,200,OK,Indexable,https://shopline.tw/news/shopline-2022-whitepaper,於 CDN/edge 或 origin 加入 Strict-Transport-Security，先確認所有子網域 HTTPS readiness。
https://shopline.tw/solutions/omo,Missing HSTS header,text/html; charset=utf-8,200,OK,Indexable,https://shopline.tw/solutions/omo,於 CDN/edge 或 origin 加入 Strict-Transport-Security，先確認所有子網域 HTTPS readiness。
https://shopline.tw/news/shopline-20250523,Missing HSTS header,text/html; charset=utf-8,200,OK,Indexable,https://shopline.tw/news/shopline-20250523,於 CDN/edge 或 origin 加入 Strict-Transport-Security，先確認所有子網域 HTTPS readiness。
https://shopline.tw/showcase,Missing HSTS header,text/html; charset=utf-8,200,OK,Indexable,https://shopline.tw/showcase,於 CDN/edge 或 origin 加入 Strict-Transport-Security，先確認所有子網域 HTTPS readiness。
https://shopline.tw/news/sc-instagram-live,Missing HSTS header,text/html; charset=utf-8,200,OK,Indexable,https://shopline.tw/news/sc-instagram-live,於 CDN/edge 或 origin 加入 Strict-Transport-Security，先確認所有子網域 HTTPS readiness。
https://shopline.tw/pos,Missing HSTS header,text/html; charset=utf-8,200,OK,Indexable,https://shopline.tw/pos,於 CDN/edge 或 origin 加入 Strict-Transport-Security，先確認所有子網域 HTTPS readiness。
https://shopline.tw/news/shopline-app-store,Missing HSTS header,text/html; charset=utf-8,200,OK,Indexable,https://shopline.tw/news/shopline-app-store,於 CDN/edge 或 origin 加入 Strict-Transport-Security，先確認所有子網域 HTTPS readiness。
https://shopline.tw/ai,Missing HSTS header,text/html; charset=utf-8,200,OK,Indexable,https://shopline.tw/ai,於 CDN/edge 或 origin 加入 Strict-Transport-Security，先確認所有子網域 HTTPS readiness。
https://shopline.tw/news/shopline-2024-double11,Missing HSTS header,text/html; charset=utf-8,200,OK,Indexable,https://shopline.tw/news/shopline-2024-double11,於 CDN/edge 或 origin 加入 Strict-Transport-Security，先確認所有子網域 HTTPS readiness。
https://shopline.tw/pos/hardware,Missing HSTS header,text/html; charset=utf-8,200,OK,Indexable,https://shopline.tw/pos/hardware,於 CDN/edge 或 origin 加入 Strict-Transport-Security，先確認所有子網域 HTTPS readiness。
https://shopline.tw/showcase/beauty-health-brand,Missing HSTS header,text/html; charset=utf-8,200,OK,Indexable,https://shopline.tw/showcase/beauty-health-brand,於 CDN/edge 或 origin 加入 Strict-Transport-Security，先確認所有子網域 HTTPS readiness。
https://shopline.tw/faq/features,Missing HSTS header,text/html; charset=utf-8,200,OK,Indexable,https://shopline.tw/faq/features,於 CDN/edge 或 origin 加入 Strict-Transport-Security，先確認所有子網域 HTTPS readiness。
https://shopline.tw/news/shopline-youtube-shopping,Missing HSTS header,text/html; charset=utf-8,200,OK,Indexable,https://shopline.tw/news/shopline-youtube-shopping,於 CDN/edge 或 origin 加入 Strict-Transport-Security，先確認所有子網域 HTTPS readiness。
https://shopline.tw/social-commerce,Missing HSTS header,text/html; charset=utf-8,200,OK,Indexable,https://shopline.tw/social-commerce,於 CDN/edge 或 origin 加入 Strict-Transport-Security，先確認所有子網域 HTTPS readiness。
https://shopline.tw/showcase/fashion-brand,Missing HSTS header,text/html; charset=utf-8,200,OK,Indexable,https://shopline.tw/showcase/fashion-brand,於 CDN/edge 或 origin 加入 Strict-Transport-Security，先確認所有子網域 HTTPS readiness。
https://shopline.tw/online-store/features,Missing HSTS header,text/html; charset=utf-8,200,OK,Indexable,https://shopline.tw/online-store/features,於 CDN/edge 或 origin 加入 Strict-Transport-Security，先確認所有子網域 HTTPS readiness。
https://shopline.tw/news/shopline-zingala-bnp,Missing HSTS header,text/html; charset=utf-8,200,OK,Indexable,https://shopline.tw/news/shopline-zingala-bnp,於 CDN/edge 或 origin 加入 Strict-Transport-Security，先確認所有子網域 HTTPS readiness。
https://shopline.tw/features/order-management,Missing HSTS header,text/html; charset=utf-8,200,OK,Indexable,https://shopline.tw/features/order-management,於 CDN/edge 或 origin 加入 Strict-Transport-Security，先確認所有子網域 HTTPS readiness。
https://shopline.tw/logistics,Missing HSTS header,text/html; charset=utf-8,200,OK,Indexable,https://shopline.tw/logistics,於 CDN/edge 或 origin 加入 Strict-Transport-Security，先確認所有子網域 HTTPS readiness。
https://shopline.tw/showcase/health-and-supplements,Missing HSTS header,text/html; charset=utf-8,200,OK,Indexable,https://shopline.tw/showcase/health-and-supplements,於 CDN/edge 或 origin 加入 Strict-Transport-Security，先確認所有子網域 HTTPS readiness。
https://shopline.tw/group-buying,Missing HSTS header,text/html; charset=utf-8,200,OK,Indexable,https://shopline.tw/group-buying,於 CDN/edge 或 origin 加入 Strict-Transport-Security，先確認所有子網域 HTTPS readiness。
https://shopline.tw/showcase/lifestyle-brand,Missing HSTS header,text/html; charset=utf-8,200,OK,Indexable,https://shopline.tw/showcase/lifestyle-brand,於 CDN/edge 或 origin 加入 Strict-Transport-Security，先確認所有子網域 HTTPS readiness。
https://shopline.tw/faq/community,Missing HSTS header,text/html; charset=utf-8,200,OK,Indexable,https://shopline.tw/faq/community,於 CDN/edge 或 origin 加入 Strict-Transport-Security，先確認所有子網域 HTTPS readiness。
https://shopline.tw/selectedpartners,Missing HSTS header,text/html; charset=utf-8,200,OK,Indexable,https://shopline.tw/selectedpartners,於 CDN/edge 或 origin 加入 Strict-Transport-Security，先確認所有子網域 HTTPS readiness。
https://shopline.tw/solutions/data-analysis,Missing HSTS header,text/html; charset=utf-8,200,OK,Indexable,https://shopline.tw/solutions/data-analysis,於 CDN/edge 或 origin 加入 Strict-Transport-Security，先確認所有子網域 HTTPS readiness。
https://shopline.tw/news/shopline-brands-award-list,Missing HSTS header,text/html; charset=utf-8,200,OK,Indexable,https://shopline.tw/news/shopline-brands-award-list,於 CDN/edge 或 origin 加入 Strict-Transport-Security，先確認所有子網域 HTTPS readiness。
https://shopline.tw/about/pricing/module,Missing HSTS header,text/html; charset=utf-8,200,OK,Indexable,https://shopline.tw/about/pricing/module,於 CDN/edge 或 origin 加入 Strict-Transport-Security，先確認所有子網域 HTTPS readiness。
https://shopline.tw/news/shopline-employer-brand-2025,Missing HSTS header,text/html; charset=utf-8,200,OK,Indexable,https://shopline.tw/news/shopline-employer-brand-2025,於 CDN/edge 或 origin 加入 Strict-Transport-Security，先確認所有子網域 HTTPS readiness。
https://shopline.tw/news/shopline-gogolook-anti-fraud,Missing HSTS header,text/html; charset=utf-8,200,OK,Indexable,https://shopline.tw/news/shopline-gogolook-anti-fraud,於 CDN/edge 或 origin 加入 Strict-Transport-Security，先確認所有子網域 HTTPS readiness。
https://shopline.tw/about/sitemap,Missing HSTS header,text/html; charset=utf-8,200,OK,Indexable,https://shopline.tw/about/sitemap,於 CDN/edge 或 origin 加入 Strict-Transport-Security，先確認所有子網域 HTTPS readiness。
https://shopline.tw/,Missing HSTS header,text/html; charset=utf-8,200,OK,Indexable,https://shopline.tw/,於 CDN/edge 或 origin 加入 Strict-Transport-Security，先確認所有子網域 HTTPS readiness。
https://shopline.tw/solutions,Missing HSTS header,text/html; charset=utf-8,200,OK,Indexable,https://shopline.tw/solutions,於 CDN/edge 或 origin 加入 Strict-Transport-Security，先確認所有子網域 HTTPS readiness。
https://shopline.tw/online-store-setup,Missing HSTS header,text/html; charset=utf-8,200,OK,Indexable,https://shopline.tw/online-store-setup,於 CDN/edge 或 origin 加入 Strict-Transport-Security，先確認所有子網域 HTTPS readiness。
https://shopline.tw/shoplytics,Missing HSTS header,text/html; charset=utf-8,200,OK,Indexable,https://shopline.tw/shoplytics,於 CDN/edge 或 origin 加入 Strict-Transport-Security，先確認所有子網域 HTTPS readiness。
https://shopline.tw/online-store/health-and-supplements,Missing HSTS header,text/html; charset=utf-8,200,OK,Indexable,https://shopline.tw/online-store/health-and-supplements,於 CDN/edge 或 origin 加入 Strict-Transport-Security，先確認所有子網域 HTTPS readiness。
https://shopline.tw/solutions/member-repurchase,Missing HSTS header,text/html; charset=utf-8,200,OK,Indexable,https://shopline.tw/solutions/member-repurchase,於 CDN/edge 或 origin 加入 Strict-Transport-Security，先確認所有子網域 HTTPS readiness。
https://shopline.tw/news/shopline-payments-mpi,Missing HSTS header,text/html; charset=utf-8,200,OK,Indexable,https://shopline.tw/news/shopline-payments-mpi,於 CDN/edge 或 origin 加入 Strict-Transport-Security，先確認所有子網域 HTTPS readiness。
https://shopline.tw/features/landing-page,Missing HSTS header,text/html; charset=utf-8,200,OK,Indexable,https://shopline.tw/features/landing-page,於 CDN/edge 或 origin 加入 Strict-Transport-Security，先確認所有子網域 HTTPS readiness。
https://shopline.tw/about,Missing HSTS header,text/html; charset=utf-8,200,OK,Indexable,https://shopline.tw/about,於 CDN/edge 或 origin 加入 Strict-Transport-Security，先確認所有子網域 HTTPS readiness。
https://shopline.tw/online-store/food-and-beverage,Missing HSTS header,text/html; charset=utf-8,200,OK,Indexable,https://shopline.tw/online-store/food-and-beverage,於 CDN/edge 或 origin 加入 Strict-Transport-Security，先確認所有子網域 HTTPS readiness。
https://shopline.tw/about/press,Missing HSTS header,text/html; charset=utf-8,200,OK,Indexable,https://shopline.tw/about/press,於 CDN/edge 或 origin 加入 Strict-Transport-Security，先確認所有子網域 HTTPS readiness。
https://shopline.tw/faq/payments-and-shipping,Missing HSTS header,text/html; charset=utf-8,200,OK,Indexable,https://shopline.tw/faq/payments-and-shipping,於 CDN/edge 或 origin 加入 Strict-Transport-Security，先確認所有子網域 HTTPS readiness。
https://shopline.tw/social-commerce/features,Missing HSTS header,text/html; charset=utf-8,200,OK,Indexable,https://shopline.tw/social-commerce/features,於 CDN/edge 或 origin 加入 Strict-Transport-Security，先確認所有子網域 HTTPS readiness。
https://shopline.tw/online-store/shop-builder,Missing HSTS header,text/html; charset=utf-8,200,OK,Indexable,https://shopline.tw/online-store/shop-builder,於 CDN/edge 或 origin 加入 Strict-Transport-Security，先確認所有子網域 HTTPS readiness。
https://shopline.tw/faq/cooperation,Missing HSTS header,text/html; charset=utf-8,200,OK,Indexable,https://shopline.tw/faq/cooperation,於 CDN/edge 或 origin 加入 Strict-Transport-Security，先確認所有子網域 HTTPS readiness。
https://shopline.tw/news/shopline-2023-double11-first-week,Missing HSTS header,text/html; charset=utf-8,200,OK,Indexable,https://shopline.tw/news/shopline-2023-double11-first-week,於 CDN/edge 或 origin 加入 Strict-Transport-Security，先確認所有子網域 HTTPS readiness。
https://shopline.tw/online-store/bags,Missing HSTS header,text/html; charset=utf-8,200,OK,Indexable,https://shopline.tw/online-store/bags,於 CDN/edge 或 origin 加入 Strict-Transport-Security，先確認所有子網域 HTTPS readiness。
https://shopline.tw/showcase/pets,Missing HSTS header,text/html; charset=utf-8,200,OK,Indexable,https://shopline.tw/showcase/pets,於 CDN/edge 或 origin 加入 Strict-Transport-Security，先確認所有子網域 HTTPS readiness。
https://shopline.tw/social-commerce/instagram-live,Missing HSTS header,text/html; charset=utf-8,200,OK,Indexable,https://shopline.tw/social-commerce/instagram-live,於 CDN/edge 或 origin 加入 Strict-Transport-Security，先確認所有子網域 HTTPS readiness。
https://shopline.tw/shopper-app,Missing HSTS header,text/html; charset=utf-8,200,OK,Indexable,https://shopline.tw/shopper-app,於 CDN/edge 或 origin 加入 Strict-Transport-Security，先確認所有子網域 HTTPS readiness。
https://shopline.tw/news/shopline-2024-whitepaper,Missing HSTS header,text/html; charset=utf-8,200,OK,Indexable,https://shopline.tw/news/shopline-2024-whitepaper,於 CDN/edge 或 origin 加入 Strict-Transport-Security，先確認所有子網域 HTTPS readiness。
https://shopline.tw/online-store/pets,Missing HSTS header,text/html; charset=utf-8,200,OK,Indexable,https://shopline.tw/online-store/pets,於 CDN/edge 或 origin 加入 Strict-Transport-Security，先確認所有子網域 HTTPS readiness。
https://shopline.tw/line-solution,Missing HSTS header,text/html; charset=utf-8,200,OK,Indexable,https://shopline.tw/line-solution,於 CDN/edge 或 origin 加入 Strict-Transport-Security，先確認所有子網域 HTTPS readiness。
https://shopline.tw/faq/plans,Missing HSTS header,text/html; charset=utf-8,200,OK,Indexable,https://shopline.tw/faq/plans,於 CDN/edge 或 origin 加入 Strict-Transport-Security，先確認所有子網域 HTTPS readiness。
https://shopline.tw/smart-omo,Missing HSTS header,text/html; charset=utf-8,200,OK,Indexable,https://shopline.tw/smart-omo,於 CDN/edge 或 origin 加入 Strict-Transport-Security，先確認所有子網域 HTTPS readiness。
https://shopline.tw/showcase/electronics-brand,Missing HSTS header,text/html; charset=utf-8,200,OK,Indexable,https://shopline.tw/showcase/electronics-brand,於 CDN/edge 或 origin 加入 Strict-Transport-Security，先確認所有子網域 HTTPS readiness。
https://shopline.tw/news/shopline-payments-aftee,Missing HSTS header,text/html; charset=utf-8,200,OK,Indexable,https://shopline.tw/news/shopline-payments-aftee,於 CDN/edge 或 origin 加入 Strict-Transport-Security，先確認所有子網域 HTTPS readiness。
https://shopline.tw/online-store/cosmetics,Missing HSTS header,text/html; charset=utf-8,200,OK,Indexable,https://shopline.tw/online-store/cosmetics,於 CDN/edge 或 origin 加入 Strict-Transport-Security，先確認所有子網域 HTTPS readiness。
https://shopline.tw/faq/about,Missing HSTS header,text/html; charset=utf-8,200,OK,Indexable,https://shopline.tw/faq/about,於 CDN/edge 或 origin 加入 Strict-Transport-Security，先確認所有子網域 HTTPS readiness。
https://shopline.tw/showcase/food-beverage-brand,Missing HSTS header,text/html; charset=utf-8,200,OK,Indexable,https://shopline.tw/showcase/food-beverage-brand,於 CDN/edge 或 origin 加入 Strict-Transport-Security，先確認所有子網域 HTTPS readiness。
https://shopline.tw/solutions/shop-efficiency,Missing HSTS header,text/html; charset=utf-8,200,OK,Indexable,https://shopline.tw/solutions/shop-efficiency,於 CDN/edge 或 origin 加入 Strict-Transport-Security，先確認所有子網域 HTTPS readiness。
https://shopline.tw/faq/design,Missing HSTS header,text/html; charset=utf-8,200,OK,Indexable,https://shopline.tw/faq/design,於 CDN/edge 或 origin 加入 Strict-Transport-Security，先確認所有子網域 HTTPS readiness。
https://shopline.tw/news/shopline-iopenmall-oneec-cooperation,Missing HSTS header,text/html; charset=utf-8,200,OK,Indexable,https://shopline.tw/news/shopline-iopenmall-oneec-cooperation,於 CDN/edge 或 origin 加入 Strict-Transport-Security，先確認所有子網域 HTTPS readiness。
https://shopline.tw/online-store/maternity-and-baby,Missing HSTS header,text/html; charset=utf-8,200,OK,Indexable,https://shopline.tw/online-store/maternity-and-baby,於 CDN/edge 或 origin 加入 Strict-Transport-Security，先確認所有子網域 HTTPS readiness。
https://shopline.tw/news/shopline-onewarehouse-introduction,Missing HSTS header,text/html; charset=utf-8,200,OK,Indexable,https://shopline.tw/news/shopline-onewarehouse-introduction,於 CDN/edge 或 origin 加入 Strict-Transport-Security，先確認所有子網域 HTTPS readiness。
https://shopline.tw/online-store/homeware-selection,Missing HSTS header,text/html; charset=utf-8,200,OK,Indexable,https://shopline.tw/online-store/homeware-selection,於 CDN/edge 或 origin 加入 Strict-Transport-Security，先確認所有子網域 HTTPS readiness。
https://shopline.tw/templates,Missing HSTS header,text/html; charset=utf-8,200,OK,Indexable,https://shopline.tw/templates,於 CDN/edge 或 origin 加入 Strict-Transport-Security，先確認所有子網域 HTTPS readiness。
https://shopline.tw/faq/social-commerce,Missing HSTS header,text/html; charset=utf-8,200,OK,Indexable,https://shopline.tw/faq/social-commerce,於 CDN/edge 或 origin 加入 Strict-Transport-Security，先確認所有子網域 HTTPS readiness。
https://shopline.tw/cooperate,Missing HSTS header,text/html; charset=utf-8,200,OK,Indexable,https://shopline.tw/cooperate,於 CDN/edge 或 origin 加入 Strict-Transport-Security，先確認所有子網域 HTTPS readiness。
https://shopline.tw/targeted-marketing,Missing HSTS header,text/html; charset=utf-8,200,OK,Indexable,https://shopline.tw/targeted-marketing,於 CDN/edge 或 origin 加入 Strict-Transport-Security，先確認所有子網域 HTTPS readiness。
https://shopline.tw/news/shopline-select-pop-up-store-part1,Missing HSTS header,text/html; charset=utf-8,200,OK,Indexable,https://shopline.tw/news/shopline-select-pop-up-store-part1,於 CDN/edge 或 origin 加入 Strict-Transport-Security，先確認所有子網域 HTTPS readiness。
https://shopline.tw/news/shopline-2023-brand-awards,Missing HSTS header,text/html; charset=utf-8,200,OK,Indexable,https://shopline.tw/news/shopline-2023-brand-awards,於 CDN/edge 或 origin 加入 Strict-Transport-Security，先確認所有子網域 HTTPS readiness。
https://shopline.tw/news/shopline-cashback,Missing HSTS header,text/html; charset=utf-8,200,OK,Indexable,https://shopline.tw/news/shopline-cashback,於 CDN/edge 或 origin 加入 Strict-Transport-Security，先確認所有子網域 HTTPS readiness。
https://shopline.tw/news/shopline-select-pop-up-store-part3,Missing HSTS header,text/html; charset=utf-8,200,OK,Indexable,https://shopline.tw/news/shopline-select-pop-up-store-part3,於 CDN/edge 或 origin 加入 Strict-Transport-Security，先確認所有子網域 HTTPS readiness。
https://shopline.tw/news/shopline-select-pop-up-store-part2,Missing HSTS header,text/html; charset=utf-8,200,OK,Indexable,https://shopline.tw/news/shopline-select-pop-up-store-part2,於 CDN/edge 或 origin 加入 Strict-Transport-Security，先確認所有子網域 HTTPS readiness。
https://shopline.tw/online-store/care-product,Missing HSTS header,text/html; charset=utf-8,200,OK,Indexable,https://shopline.tw/online-store/care-product,於 CDN/edge 或 origin 加入 Strict-Transport-Security，先確認所有子網域 HTTPS readiness。
https://shopline.tw/showcase/sport-outdoor-brand,Missing HSTS header,text/html; charset=utf-8,200,OK,Indexable,https://shopline.tw/showcase/sport-outdoor-brand,於 CDN/edge 或 origin 加入 Strict-Transport-Security，先確認所有子網域 HTTPS readiness。
